incident_number,created_at,alert_identifier,node_name,metric_value,service,description,alert_condition,alert_id
5495,2023-08-30 07:33:26,alert_282,node_K,31,service_F,Description of event,condition_2,8046
9292,2023-08-13 07:33:26,alert_910,node_C,43,service_D,Description of event,condition_1,1148
4845,2023-08-08 07:33:26,alert_512,node_K,74,service_F,Description of event,condition_2,3418
8715,2023-08-24 07:33:26,alert_805,node_W,33,service_A,Description of event,condition_2,9720
4519,2023-08-10 07:33:26,alert_819,node_P,44,service_C,Description of event,condition_2,2757
8088,2023-08-30 07:33:26,alert_259,node_E,54,service_D,Description of event,condition_1,6811
8472,2023-08-01 07:33:26,alert_635,node_U,63,service_B,Description of event,condition_3,2144
6260,2023-08-15 07:33:26,alert_389,node_E,35,service_C,Description of event,condition_2,5997
5540,2023-08-07 07:33:26,alert_205,node_L,65,service_E,Description of event,condition_4,1782
7378,2023-08-04 07:33:26,alert_354,node_V,49,service_A,Description of event,condition_5,3686
5766,2023-08-20 07:33:26,alert_811,node_W,79,service_E,Description of event,condition_3,3665
4735,2023-08-29 07:33:26,alert_880,node_Z,62,service_C,Description of event,condition_5,7057
5941,2023-08-10 07:33:26,alert_347,node_Z,82,service_A,Description of event,condition_1,5362
3725,2023-08-01 07:33:26,alert_708,node_V,74,service_C,Description of event,condition_3,1575
2978,2023-08-25 07:33:26,alert_794,node_P,69,service_A,Description of event,condition_1,6710
5672,2023-08-11 07:33:26,alert_745,node_Q,65,service_F,Description of event,condition_2,2293
4495,2023-08-08 07:33:26,alert_560,node_K,96,service_F,Description of event,condition_5,4516
1335,2023-08-27 07:33:26,alert_306,node_V,73,service_D,Description of event,condition_3,4714
2936,2023-08-13 07:33:26,alert_890,node_X,40,service_E,Description of event,condition_4,1232
6490,2023-08-24 07:33:26,alert_527,node_R,54,service_E,Description of event,condition_3,9562
6895,2023-08-03 07:33:26,alert_119,node_N,94,service_C,Description of event,condition_1,2053
5781,2023-08-28 07:33:26,alert_836,node_B,77,service_B,Description of event,condition_2,4805
7907,2023-08-19 07:33:26,alert_166,node_H,40,service_C,Description of event,condition_1,4005
9598,2023-08-17 07:33:26,alert_862,node_R,71,service_A,Description of event,condition_2,6122
6276,2023-08-03 07:33:26,alert_575,node_E,70,service_A,Description of event,condition_1,6331
4398,2023-08-10 07:33:26,alert_394,node_J,54,service_E,Description of event,condition_5,9097
6621,2023-08-25 07:33:26,alert_779,node_C,42,service_B,Description of event,condition_2,2803
2554,2023-08-27 07:33:26,alert_514,node_K,80,service_A,Description of event,condition_2,8987
4824,2023-08-15 07:33:26,alert_693,node_H,41,service_C,Description of event,condition_1,9000
9161,2023-08-20 07:33:26,alert_962,node_F,39,service_D,Description of event,condition_2,1348
6529,2023-08-13 07:33:26,alert_259,node_J,92,service_E,Description of event,condition_5,7003
8804,2023-08-27 07:33:26,alert_265,node_Q,55,service_D,Description of event,condition_3,2386
2472,2023-08-13 07:33:26,alert_485,node_W,97,service_D,Description of event,condition_1,6615
4362,2023-08-26 07:33:26,alert_549,node_E,91,service_F,Description of event,condition_5,2967
7915,2023-08-22 07:33:26,alert_147,node_I,18,service_B,Description of event,condition_1,7475
6112,2023-08-08 07:33:26,alert_418,node_A,33,service_E,Description of event,condition_4,8634
1246,2023-08-04 07:33:26,alert_540,node_Z,19,service_E,Description of event,condition_4,8302
4473,2023-08-25 07:33:26,alert_678,node_Y,51,service_F,Description of event,condition_3,2376
4621,2023-08-24 07:33:26,alert_271,node_Z,66,service_C,Description of event,condition_1,1821
2563,2023-08-19 07:33:26,alert_521,node_S,28,service_F,Description of event,condition_2,3671
5748,2023-08-01 07:33:26,alert_362,node_R,20,service_A,Description of event,condition_4,1377
7400,2023-08-12 07:33:26,alert_659,node_P,89,service_D,Description of event,condition_3,4535
4177,2023-08-18 07:33:26,alert_648,node_N,14,service_F,Description of event,condition_3,9141
3739,2023-08-19 07:33:26,alert_778,node_R,81,service_C,Description of event,condition_2,1213
2948,2023-08-02 07:33:26,alert_880,node_P,30,service_B,Description of event,condition_4,2093
1605,2023-08-29 07:33:26,alert_311,node_F,31,service_C,Description of event,condition_5,4371
1189,2023-08-03 07:33:26,alert_363,node_S,72,service_C,Description of event,condition_5,4436
1229,2023-08-24 07:33:26,alert_235,node_G,25,service_C,Description of event,condition_1,3387
6001,2023-08-06 07:33:26,alert_206,node_W,89,service_E,Description of event,condition_5,4112
7246,2023-08-26 07:33:26,alert_141,node_E,75,service_B,Description of event,condition_5,5410
1354,2023-08-28 07:33:26,alert_490,node_V,36,service_A,Description of event,condition_1,9969
5069,2023-08-05 07:33:26,alert_540,node_X,75,service_D,Description of event,condition_1,4118
6470,2023-08-26 07:33:26,alert_594,node_Z,93,service_B,Description of event,condition_5,7493
6213,2023-08-24 07:33:26,alert_516,node_W,55,service_C,Description of event,condition_1,9540
9381,2023-08-14 07:33:26,alert_606,node_P,79,service_C,Description of event,condition_4,8304
3115,2023-08-24 07:33:26,alert_544,node_B,13,service_D,Description of event,condition_3,4047
3620,2023-08-24 07:33:26,alert_164,node_O,54,service_A,Description of event,condition_1,7685
2569,2023-08-18 07:33:26,alert_398,node_B,10,service_C,Description of event,condition_3,1666
4486,2023-08-08 07:33:26,alert_427,node_T,69,service_E,Description of event,condition_2,7220
1460,2023-08-09 07:33:26,alert_299,node_B,85,service_F,Description of event,condition_3,3801
6314,2023-08-07 07:33:26,alert_659,node_V,69,service_E,Description of event,condition_2,1272
4711,2023-08-13 07:33:26,alert_819,node_D,53,service_F,Description of event,condition_2,8558
8458,2023-08-01 07:33:26,alert_482,node_N,51,service_E,Description of event,condition_3,9777
2966,2023-08-03 07:33:26,alert_577,node_F,73,service_B,Description of event,condition_1,1670
1892,2023-08-24 07:33:26,alert_274,node_I,10,service_D,Description of event,condition_3,9235
1571,2023-08-11 07:33:26,alert_767,node_T,90,service_F,Description of event,condition_3,2024
3732,2023-08-10 07:33:26,alert_307,node_R,98,service_B,Description of event,condition_3,1287
4993,2023-08-06 07:33:26,alert_168,node_F,48,service_C,Description of event,condition_1,7101
4042,2023-08-29 07:33:26,alert_670,node_P,64,service_B,Description of event,condition_3,5304
5361,2023-08-30 07:33:26,alert_728,node_W,56,service_C,Description of event,condition_3,3079
6357,2023-08-18 07:33:26,alert_130,node_F,86,service_F,Description of event,condition_4,6583
7780,2023-08-18 07:33:26,alert_753,node_W,80,service_E,Description of event,condition_2,9424
2661,2023-08-09 07:33:26,alert_189,node_T,90,service_C,Description of event,condition_2,8513
4848,2023-08-28 07:33:26,alert_524,node_P,95,service_F,Description of event,condition_2,9607
8703,2023-08-01 07:33:26,alert_319,node_G,77,service_D,Description of event,condition_5,6868
2858,2023-08-20 07:33:26,alert_225,node_H,90,service_A,Description of event,condition_5,2525
6850,2023-08-27 07:33:26,alert_737,node_H,77,service_B,Description of event,condition_4,5573
7075,2023-08-12 07:33:26,alert_907,node_G,92,service_D,Description of event,condition_4,3345
9266,2023-08-26 07:33:26,alert_725,node_D,99,service_A,Description of event,condition_5,7287
6812,2023-08-20 07:33:26,alert_971,node_D,24,service_D,Description of event,condition_3,1426
2677,2023-08-13 07:33:26,alert_816,node_I,26,service_D,Description of event,condition_4,3507
6241,2023-08-29 07:33:26,alert_124,node_A,96,service_D,Description of event,condition_2,3665
8451,2023-08-28 07:33:26,alert_193,node_M,86,service_D,Description of event,condition_3,7085
2806,2023-08-22 07:33:26,alert_766,node_Y,48,service_F,Description of event,condition_3,5438
3283,2023-08-13 07:33:26,alert_906,node_P,43,service_B,Description of event,condition_2,9543
2411,2023-08-30 07:33:26,alert_141,node_F,99,service_D,Description of event,condition_5,8814
1234,2023-08-30 07:33:26,alert_196,node_Z,55,service_B,Description of event,condition_1,3953
4835,2023-08-25 07:33:26,alert_785,node_C,25,service_D,Description of event,condition_4,7030
2071,2023-08-02 07:33:26,alert_619,node_O,15,service_E,Description of event,condition_1,8858
7898,2023-08-05 07:33:26,alert_697,node_K,79,service_D,Description of event,condition_5,6297
2964,2023-08-06 07:33:26,alert_484,node_G,20,service_D,Description of event,condition_1,9194
9218,2023-08-20 07:33:26,alert_971,node_J,85,service_B,Description of event,condition_3,3668
9742,2023-08-06 07:33:26,alert_304,node_T,80,service_C,Description of event,condition_1,7307
8100,2023-08-03 07:33:26,alert_846,node_B,45,service_B,Description of event,condition_4,5948
3342,2023-08-14 07:33:26,alert_291,node_R,17,service_D,Description of event,condition_2,9832
4860,2023-08-03 07:33:26,alert_566,node_G,11,service_F,Description of event,condition_2,9896
6470,2023-08-23 07:33:26,alert_569,node_K,58,service_F,Description of event,condition_2,5741
9387,2023-08-26 07:33:26,alert_481,node_J,61,service_A,Description of event,condition_5,5526
9585,2023-08-23 07:33:26,alert_784,node_R,81,service_B,Description of event,condition_3,1677
7846,2023-08-18 07:33:26,alert_514,node_S,86,service_D,Description of event,condition_1,8389
7735,2023-08-03 07:33:26,alert_555,node_T,94,service_D,Description of event,condition_2,8318
9008,2023-08-03 07:33:26,alert_999,node_S,57,service_F,Description of event,condition_4,6556
6429,2023-08-13 07:33:26,alert_314,node_Q,45,service_C,Description of event,condition_2,2586
7763,2023-08-30 07:33:26,alert_587,node_U,69,service_D,Description of event,condition_4,1501
7099,2023-08-25 07:33:26,alert_938,node_A,22,service_C,Description of event,condition_4,6927
1052,2023-08-04 07:33:26,alert_358,node_E,47,service_C,Description of event,condition_2,8967
2423,2023-08-07 07:33:26,alert_429,node_P,98,service_E,Description of event,condition_4,9181
9566,2023-08-19 07:33:26,alert_984,node_N,48,service_C,Description of event,condition_1,6881
2090,2023-08-08 07:33:26,alert_285,node_C,14,service_B,Description of event,condition_3,1975
7519,2023-08-12 07:33:26,alert_247,node_M,49,service_D,Description of event,condition_4,1276
8538,2023-08-10 07:33:26,alert_257,node_J,24,service_B,Description of event,condition_5,7894
2646,2023-08-29 07:33:26,alert_987,node_E,64,service_E,Description of event,condition_2,2663
2038,2023-08-04 07:33:26,alert_965,node_S,51,service_E,Description of event,condition_3,5546
8052,2023-08-21 07:33:26,alert_211,node_P,51,service_B,Description of event,condition_1,2811
4017,2023-08-03 07:33:26,alert_484,node_R,42,service_E,Description of event,condition_2,2837
1664,2023-08-28 07:33:26,alert_641,node_D,47,service_A,Description of event,condition_2,4956
7481,2023-08-22 07:33:26,alert_336,node_Q,52,service_A,Description of event,condition_5,5865
5598,2023-08-25 07:33:26,alert_478,node_M,88,service_A,Description of event,condition_5,9953
2485,2023-08-20 07:33:26,alert_558,node_W,62,service_A,Description of event,condition_5,3326
3867,2023-08-18 07:33:26,alert_578,node_P,70,service_A,Description of event,condition_2,5184
6237,2023-08-27 07:33:26,alert_348,node_F,83,service_D,Description of event,condition_3,8896
6861,2023-08-21 07:33:26,alert_592,node_B,13,service_E,Description of event,condition_3,5082
4121,2023-08-17 07:33:26,alert_393,node_W,68,service_E,Description of event,condition_5,8685
5962,2023-08-04 07:33:26,alert_142,node_I,34,service_B,Description of event,condition_5,9383
7918,2023-08-09 07:33:26,alert_809,node_E,38,service_C,Description of event,condition_5,9428
4799,2023-08-07 07:33:26,alert_914,node_P,75,service_F,Description of event,condition_1,9444
6623,2023-08-29 07:33:26,alert_318,node_W,37,service_E,Description of event,condition_2,5714
2687,2023-08-06 07:33:26,alert_496,node_Q,38,service_B,Description of event,condition_1,8044
7194,2023-08-21 07:33:26,alert_868,node_J,44,service_E,Description of event,condition_5,2471
8764,2023-08-30 07:33:26,alert_898,node_L,99,service_C,Description of event,condition_2,8629
2983,2023-08-13 07:33:26,alert_614,node_D,100,service_A,Description of event,condition_3,5259
5793,2023-08-25 07:33:26,alert_584,node_Y,68,service_D,Description of event,condition_3,5372
6196,2023-08-21 07:33:26,alert_192,node_B,23,service_B,Description of event,condition_3,1142
7546,2023-08-04 07:33:26,alert_696,node_B,92,service_E,Description of event,condition_2,8261
4441,2023-08-16 07:33:26,alert_469,node_R,97,service_D,Description of event,condition_2,9601
8808,2023-08-08 07:33:26,alert_954,node_Y,65,service_D,Description of event,condition_1,7389
1304,2023-08-07 07:33:26,alert_332,node_D,36,service_C,Description of event,condition_3,8999
6873,2023-08-20 07:33:26,alert_238,node_E,45,service_E,Description of event,condition_5,9690
8027,2023-08-17 07:33:26,alert_571,node_S,100,service_B,Description of event,condition_4,2053
3865,2023-08-09 07:33:26,alert_383,node_V,60,service_B,Description of event,condition_5,7048
5120,2023-08-26 07:33:26,alert_341,node_Z,20,service_B,Description of event,condition_1,7647
7271,2023-08-02 07:33:26,alert_678,node_Z,34,service_F,Description of event,condition_2,4340
7473,2023-08-18 07:33:26,alert_229,node_P,31,service_F,Description of event,condition_1,6247
7210,2023-08-01 07:33:26,alert_974,node_T,58,service_D,Description of event,condition_3,4982
9045,2023-08-17 07:33:26,alert_394,node_V,56,service_A,Description of event,condition_5,9815
4228,2023-08-14 07:33:26,alert_249,node_G,26,service_B,Description of event,condition_2,1710
4108,2023-08-15 07:33:26,alert_930,node_J,57,service_E,Description of event,condition_3,9983
1097,2023-08-28 07:33:26,alert_790,node_B,87,service_B,Description of event,condition_4,2372
3152,2023-08-09 07:33:26,alert_353,node_W,25,service_E,Description of event,condition_3,3359
5086,2023-08-10 07:33:26,alert_188,node_H,45,service_A,Description of event,condition_4,9453
1899,2023-08-13 07:33:26,alert_747,node_M,78,service_D,Description of event,condition_3,6735
3487,2023-08-28 07:33:26,alert_438,node_Y,50,service_F,Description of event,condition_3,5068
7633,2023-08-11 07:33:26,alert_570,node_Y,79,service_F,Description of event,condition_2,3107
4694,2023-08-18 07:33:26,alert_830,node_O,14,service_F,Description of event,condition_4,4798
3241,2023-08-25 07:33:26,alert_266,node_J,25,service_B,Description of event,condition_5,9922
3288,2023-08-27 07:33:26,alert_194,node_I,63,service_E,Description of event,condition_4,1326
9848,2023-08-14 07:33:26,alert_588,node_S,30,service_D,Description of event,condition_1,6372
6388,2023-08-01 07:33:26,alert_191,node_Q,11,service_B,Description of event,condition_5,6937
9594,2023-08-11 07:33:26,alert_476,node_Z,11,service_B,Description of event,condition_1,7317
9646,2023-08-01 07:33:26,alert_733,node_R,70,service_D,Description of event,condition_5,8494
9655,2023-08-21 07:33:26,alert_512,node_R,72,service_D,Description of event,condition_1,1865
3250,2023-08-13 07:33:26,alert_261,node_E,63,service_F,Description of event,condition_5,4619
9284,2023-08-26 07:33:26,alert_948,node_F,30,service_A,Description of event,condition_4,7515
6040,2023-08-22 07:33:26,alert_617,node_E,98,service_F,Description of event,condition_4,1635
7573,2023-08-16 07:33:26,alert_745,node_V,80,service_D,Description of event,condition_4,5150
7269,2023-08-21 07:33:26,alert_246,node_Q,85,service_B,Description of event,condition_4,9085
4069,2023-08-09 07:33:26,alert_460,node_R,92,service_A,Description of event,condition_3,2062
7038,2023-08-23 07:33:26,alert_880,node_K,18,service_B,Description of event,condition_1,2784
2781,2023-08-20 07:33:26,alert_750,node_V,97,service_B,Description of event,condition_2,2016
9011,2023-08-28 07:33:26,alert_734,node_L,53,service_B,Description of event,condition_5,4651
7201,2023-08-08 07:33:26,alert_191,node_G,27,service_F,Description of event,condition_4,3946
1816,2023-08-07 07:33:26,alert_804,node_W,14,service_E,Description of event,condition_2,2297
9481,2023-08-13 07:33:26,alert_738,node_Z,84,service_C,Description of event,condition_1,4485
7104,2023-08-29 07:33:26,alert_280,node_W,26,service_F,Description of event,condition_3,3881
3519,2023-08-19 07:33:26,alert_284,node_W,97,service_D,Description of event,condition_1,3036
2835,2023-08-23 07:33:26,alert_514,node_K,37,service_E,Description of event,condition_1,5771
4701,2023-08-15 07:33:26,alert_431,node_Q,98,service_C,Description of event,condition_1,7958
6982,2023-08-08 07:33:26,alert_385,node_I,78,service_B,Description of event,condition_1,3521
1756,2023-08-23 07:33:26,alert_401,node_N,46,service_B,Description of event,condition_3,4929
9094,2023-08-20 07:33:26,alert_208,node_R,31,service_C,Description of event,condition_5,1250
3491,2023-08-05 07:33:26,alert_228,node_V,21,service_D,Description of event,condition_2,6260
5721,2023-08-22 07:33:26,alert_823,node_G,33,service_A,Description of event,condition_1,7303
5356,2023-08-29 07:33:26,alert_722,node_R,85,service_E,Description of event,condition_2,8775
5325,2023-08-20 07:33:26,alert_864,node_J,17,service_C,Description of event,condition_3,3912
6304,2023-08-25 07:33:26,alert_533,node_Q,52,service_F,Description of event,condition_2,7522
6883,2023-08-12 07:33:26,alert_702,node_Z,63,service_A,Description of event,condition_4,6594
4543,2023-08-08 07:33:26,alert_213,node_T,82,service_A,Description of event,condition_1,1659
1742,2023-08-28 07:33:26,alert_412,node_X,30,service_D,Description of event,condition_3,6805
6161,2023-08-27 07:33:26,alert_264,node_G,76,service_E,Description of event,condition_3,5771
9604,2023-08-09 07:33:26,alert_122,node_H,60,service_B,Description of event,condition_3,2395
6292,2023-08-08 07:33:26,alert_317,node_G,83,service_C,Description of event,condition_4,7965
7012,2023-08-11 07:33:26,alert_728,node_M,50,service_D,Description of event,condition_5,9497
2498,2023-08-19 07:33:26,alert_857,node_I,78,service_E,Description of event,condition_4,7968
4903,2023-08-25 07:33:26,alert_815,node_W,41,service_C,Description of event,condition_2,1693
3445,2023-08-27 07:33:26,alert_557,node_E,34,service_E,Description of event,condition_3,8585
2540,2023-08-22 07:33:26,alert_935,node_K,74,service_E,Description of event,condition_3,1283
1443,2023-08-04 07:33:26,alert_694,node_F,38,service_C,Description of event,condition_5,7615
8682,2023-08-09 07:33:26,alert_377,node_B,80,service_A,Description of event,condition_1,9155
7405,2023-08-25 07:33:26,alert_849,node_K,19,service_E,Description of event,condition_1,8516
5328,2023-08-25 07:33:26,alert_385,node_W,91,service_A,Description of event,condition_1,8781
2576,2023-08-07 07:33:26,alert_406,node_A,45,service_B,Description of event,condition_2,8255
5737,2023-08-03 07:33:26,alert_893,node_T,13,service_E,Description of event,condition_2,5491
3381,2023-08-26 07:33:26,alert_221,node_Q,80,service_F,Description of event,condition_4,2768
9307,2023-08-06 07:33:26,alert_594,node_F,54,service_A,Description of event,condition_2,6909
7857,2023-08-01 07:33:26,alert_294,node_F,29,service_E,Description of event,condition_1,5489
9166,2023-08-26 07:33:26,alert_843,node_B,27,service_B,Description of event,condition_1,8020
5463,2023-08-16 07:33:26,alert_208,node_X,74,service_C,Description of event,condition_1,4532
9808,2023-08-22 07:33:26,alert_752,node_O,40,service_C,Description of event,condition_2,6344
6005,2023-08-03 07:33:26,alert_223,node_V,44,service_B,Description of event,condition_3,4293
8685,2023-08-16 07:33:26,alert_540,node_U,10,service_E,Description of event,condition_3,7367
6675,2023-08-13 07:33:26,alert_895,node_K,91,service_F,Description of event,condition_5,7849
8543,2023-08-16 07:33:26,alert_314,node_H,16,service_F,Description of event,condition_2,6827
5130,2023-08-25 07:33:26,alert_613,node_S,53,service_E,Description of event,condition_4,6940
5900,2023-08-01 07:33:26,alert_836,node_Q,11,service_B,Description of event,condition_1,6881
7239,2023-08-04 07:33:26,alert_125,node_T,22,service_A,Description of event,condition_4,4878
6720,2023-08-10 07:33:26,alert_906,node_X,73,service_C,Description of event,condition_3,4442
4282,2023-08-02 07:33:26,alert_226,node_V,25,service_B,Description of event,condition_1,8041
1898,2023-08-16 07:33:26,alert_632,node_Z,91,service_F,Description of event,condition_5,7912
2984,2023-08-18 07:33:26,alert_448,node_I,20,service_F,Description of event,condition_2,2901
6127,2023-08-06 07:33:26,alert_802,node_T,60,service_A,Description of event,condition_3,2926
8950,2023-08-23 07:33:26,alert_659,node_E,32,service_F,Description of event,condition_3,5954
3041,2023-08-06 07:33:26,alert_471,node_D,37,service_B,Description of event,condition_3,1874
6893,2023-08-17 07:33:26,alert_623,node_Y,71,service_C,Description of event,condition_1,6985
1739,2023-08-21 07:33:26,alert_625,node_S,96,service_A,Description of event,condition_5,1272
1397,2023-08-20 07:33:26,alert_919,node_L,98,service_C,Description of event,condition_5,5943
4995,2023-08-17 07:33:26,alert_928,node_L,60,service_C,Description of event,condition_2,1039
2699,2023-08-16 07:33:26,alert_581,node_V,50,service_E,Description of event,condition_5,8082
2773,2023-08-06 07:33:26,alert_487,node_N,84,service_D,Description of event,condition_2,8621
3258,2023-08-27 07:33:26,alert_561,node_K,38,service_F,Description of event,condition_1,7234
7875,2023-08-03 07:33:26,alert_646,node_Z,28,service_E,Description of event,condition_5,3267
4130,2023-08-08 07:33:26,alert_977,node_D,25,service_B,Description of event,condition_5,3202
7354,2023-08-06 07:33:26,alert_758,node_Z,44,service_A,Description of event,condition_5,4123
3957,2023-08-05 07:33:26,alert_793,node_E,80,service_B,Description of event,condition_1,3703
8389,2023-08-13 07:33:26,alert_406,node_P,20,service_E,Description of event,condition_2,3928
3082,2023-08-10 07:33:26,alert_350,node_H,60,service_A,Description of event,condition_4,9279
3437,2023-08-12 07:33:26,alert_557,node_S,93,service_D,Description of event,condition_4,2972
1528,2023-08-04 07:33:26,alert_819,node_R,50,service_B,Description of event,condition_4,7986
1782,2023-08-30 07:33:26,alert_111,node_Z,75,service_C,Description of event,condition_4,7884
6431,2023-08-21 07:33:26,alert_303,node_L,56,service_B,Description of event,condition_5,2849
7673,2023-08-20 07:33:26,alert_349,node_B,28,service_F,Description of event,condition_1,7189
4575,2023-08-22 07:33:26,alert_809,node_C,22,service_A,Description of event,condition_3,5335
5854,2023-08-18 07:33:26,alert_823,node_I,71,service_A,Description of event,condition_1,3596
4466,2023-08-11 07:33:26,alert_446,node_C,94,service_C,Description of event,condition_4,7145
4460,2023-08-06 07:33:26,alert_787,node_A,15,service_D,Description of event,condition_3,5974
6919,2023-08-23 07:33:26,alert_997,node_S,39,service_A,Description of event,condition_2,5245
2468,2023-08-25 07:33:26,alert_113,node_D,53,service_C,Description of event,condition_2,8925
5234,2023-08-28 07:33:26,alert_291,node_G,36,service_F,Description of event,condition_2,8418
8279,2023-08-01 07:33:26,alert_885,node_M,64,service_E,Description of event,condition_2,3764
5755,2023-08-11 07:33:26,alert_295,node_Y,24,service_F,Description of event,condition_1,5992
6110,2023-08-10 07:33:26,alert_408,node_G,31,service_D,Description of event,condition_1,1568
6076,2023-08-04 07:33:26,alert_847,node_A,53,service_E,Description of event,condition_2,7974
3352,2023-08-16 07:33:26,alert_742,node_A,17,service_A,Description of event,condition_4,4898
7859,2023-08-17 07:33:26,alert_766,node_B,81,service_A,Description of event,condition_2,8621
3839,2023-08-13 07:33:26,alert_841,node_I,53,service_E,Description of event,condition_4,3523
2427,2023-08-07 07:33:26,alert_204,node_Y,55,service_C,Description of event,condition_1,5820
3502,2023-08-25 07:33:26,alert_784,node_I,99,service_F,Description of event,condition_5,1548
6239,2023-08-24 07:33:26,alert_223,node_B,40,service_F,Description of event,condition_1,7275
1481,2023-08-17 07:33:26,alert_216,node_Q,34,service_E,Description of event,condition_5,9274
1895,2023-08-11 07:33:26,alert_548,node_I,52,service_D,Description of event,condition_5,4806
1499,2023-08-20 07:33:26,alert_200,node_A,100,service_A,Description of event,condition_2,9347
2984,2023-08-03 07:33:26,alert_331,node_X,60,service_A,Description of event,condition_5,6529
4385,2023-08-15 07:33:26,alert_664,node_C,39,service_F,Description of event,condition_2,1129
7899,2023-08-04 07:33:26,alert_960,node_U,71,service_B,Description of event,condition_5,6643
8446,2023-08-02 07:33:26,alert_205,node_H,55,service_E,Description of event,condition_3,3506
2039,2023-08-13 07:33:26,alert_784,node_C,73,service_C,Description of event,condition_4,1475
5524,2023-08-11 07:33:26,alert_128,node_N,50,service_B,Description of event,condition_4,3228
7122,2023-08-17 07:33:26,alert_610,node_K,71,service_D,Description of event,condition_4,5733
7253,2023-08-15 07:33:26,alert_810,node_V,51,service_A,Description of event,condition_3,8831
1044,2023-08-09 07:33:26,alert_688,node_Z,30,service_D,Description of event,condition_3,8608
7442,2023-08-06 07:33:26,alert_412,node_B,100,service_D,Description of event,condition_3,8423
3952,2023-08-19 07:33:26,alert_825,node_G,15,service_B,Description of event,condition_1,1962
2212,2023-08-05 07:33:26,alert_337,node_S,64,service_B,Description of event,condition_4,5256
7150,2023-08-11 07:33:26,alert_837,node_U,98,service_C,Description of event,condition_3,8972
1455,2023-08-03 07:33:26,alert_751,node_P,42,service_C,Description of event,condition_5,1388
6616,2023-08-21 07:33:26,alert_315,node_W,47,service_E,Description of event,condition_3,4511
5030,2023-08-03 07:33:26,alert_609,node_Y,55,service_D,Description of event,condition_5,1113
4765,2023-08-14 07:33:26,alert_883,node_J,83,service_C,Description of event,condition_4,7208
9655,2023-08-12 07:33:26,alert_851,node_D,58,service_D,Description of event,condition_2,8776
1631,2023-08-08 07:33:26,alert_115,node_N,59,service_B,Description of event,condition_2,1476
6674,2023-08-15 07:33:26,alert_178,node_I,96,service_C,Description of event,condition_5,2387
5196,2023-08-08 07:33:26,alert_107,node_J,49,service_A,Description of event,condition_1,9759
7506,2023-08-26 07:33:26,alert_936,node_Z,78,service_E,Description of event,condition_4,6736
1999,2023-08-22 07:33:26,alert_455,node_V,64,service_E,Description of event,condition_5,2270
5972,2023-08-11 07:33:26,alert_168,node_J,70,service_F,Description of event,condition_4,3876
8479,2023-08-03 07:33:26,alert_606,node_I,32,service_B,Description of event,condition_4,9832
6915,2023-08-02 07:33:26,alert_482,node_Y,52,service_B,Description of event,condition_2,8967
3302,2023-08-12 07:33:26,alert_379,node_H,52,service_E,Description of event,condition_5,5690
9250,2023-08-11 07:33:26,alert_675,node_T,31,service_E,Description of event,condition_2,4199
7079,2023-08-27 07:33:26,alert_454,node_Z,91,service_A,Description of event,condition_2,1970
7547,2023-08-25 07:33:26,alert_232,node_D,97,service_F,Description of event,condition_2,9479
2703,2023-08-27 07:33:26,alert_918,node_V,85,service_E,Description of event,condition_4,2042
6564,2023-08-06 07:33:26,alert_475,node_N,54,service_B,Description of event,condition_2,5765
8437,2023-08-18 07:33:26,alert_985,node_H,100,service_B,Description of event,condition_4,9686
7543,2023-08-23 07:33:26,alert_410,node_T,64,service_E,Description of event,condition_4,9429
2322,2023-08-20 07:33:26,alert_354,node_C,65,service_E,Description of event,condition_3,8823
6863,2023-08-27 07:33:26,alert_611,node_I,56,service_E,Description of event,condition_5,7446
7855,2023-08-13 07:33:26,alert_352,node_B,70,service_B,Description of event,condition_1,6795
6968,2023-08-22 07:33:26,alert_251,node_D,40,service_E,Description of event,condition_3,1756
4474,2023-08-25 07:33:26,alert_958,node_T,55,service_C,Description of event,condition_3,2040
1227,2023-08-20 07:33:26,alert_430,node_V,40,service_B,Description of event,condition_3,7210
7048,2023-08-07 07:33:26,alert_793,node_Q,70,service_D,Description of event,condition_4,1172
1480,2023-08-07 07:33:26,alert_620,node_D,43,service_C,Description of event,condition_5,6599
6156,2023-08-01 07:33:26,alert_707,node_H,24,service_D,Description of event,condition_2,2860
6091,2023-08-29 07:33:26,alert_826,node_M,16,service_B,Description of event,condition_2,7069
5900,2023-08-23 07:33:26,alert_253,node_D,96,service_B,Description of event,condition_4,8892
4118,2023-08-08 07:33:26,alert_873,node_L,22,service_E,Description of event,condition_3,2355
8944,2023-08-02 07:33:26,alert_129,node_W,50,service_D,Description of event,condition_2,3441
7356,2023-08-14 07:33:26,alert_268,node_D,99,service_F,Description of event,condition_1,2188
7401,2023-08-27 07:33:26,alert_984,node_U,26,service_F,Description of event,condition_4,4585
4661,2023-08-07 07:33:26,alert_883,node_B,55,service_C,Description of event,condition_4,5490
6726,2023-08-27 07:33:26,alert_319,node_P,78,service_E,Description of event,condition_4,2092
9327,2023-08-11 07:33:26,alert_423,node_I,99,service_C,Description of event,condition_5,4463
5354,2023-08-22 07:33:26,alert_607,node_Z,92,service_D,Description of event,condition_2,6638
2243,2023-08-08 07:33:26,alert_297,node_G,16,service_C,Description of event,condition_4,4969
4809,2023-08-24 07:33:26,alert_257,node_X,78,service_A,Description of event,condition_2,1804
8322,2023-08-02 07:33:26,alert_425,node_T,100,service_D,Description of event,condition_1,9596
3391,2023-08-25 07:33:26,alert_336,node_K,69,service_D,Description of event,condition_1,2740
4318,2023-08-14 07:33:26,alert_495,node_E,68,service_E,Description of event,condition_5,2947
6233,2023-08-25 07:33:26,alert_941,node_C,29,service_B,Description of event,condition_4,6457
5626,2023-08-02 07:33:26,alert_458,node_V,17,service_D,Description of event,condition_4,6156
2985,2023-08-05 07:33:26,alert_244,node_N,99,service_A,Description of event,condition_1,5405
6713,2023-08-16 07:33:26,alert_410,node_A,44,service_C,Description of event,condition_3,1729
9863,2023-08-23 07:33:26,alert_394,node_S,80,service_A,Description of event,condition_3,2525
6479,2023-08-11 07:33:26,alert_445,node_P,29,service_D,Description of event,condition_2,9434
8112,2023-08-17 07:33:26,alert_814,node_V,78,service_E,Description of event,condition_5,8269
7692,2023-08-15 07:33:26,alert_252,node_U,16,service_A,Description of event,condition_4,5089
4364,2023-08-09 07:33:26,alert_559,node_V,24,service_E,Description of event,condition_2,8113
9201,2023-08-24 07:33:26,alert_240,node_C,98,service_A,Description of event,condition_2,2197
2429,2023-08-09 07:33:26,alert_308,node_C,37,service_F,Description of event,condition_3,2702
3329,2023-08-10 07:33:26,alert_344,node_X,36,service_B,Description of event,condition_5,3327
6045,2023-08-20 07:33:26,alert_648,node_H,20,service_C,Description of event,condition_5,1080
7760,2023-08-29 07:33:26,alert_370,node_C,97,service_E,Description of event,condition_2,5549
1389,2023-08-28 07:33:26,alert_431,node_H,89,service_B,Description of event,condition_3,2552
9020,2023-08-05 07:33:26,alert_426,node_C,76,service_B,Description of event,condition_5,8138
1668,2023-08-14 07:33:26,alert_610,node_N,29,service_C,Description of event,condition_2,8175
9391,2023-08-18 07:33:26,alert_376,node_C,89,service_D,Description of event,condition_5,4877
5158,2023-08-10 07:33:26,alert_544,node_X,59,service_C,Description of event,condition_3,4678
2940,2023-08-06 07:33:26,alert_445,node_Y,27,service_D,Description of event,condition_5,9476
3460,2023-08-10 07:33:26,alert_968,node_O,34,service_A,Description of event,condition_5,9404
2461,2023-08-03 07:33:26,alert_158,node_D,86,service_B,Description of event,condition_1,9737
6072,2023-08-06 07:33:26,alert_839,node_F,32,service_A,Description of event,condition_1,7317
1972,2023-08-29 07:33:26,alert_443,node_R,51,service_A,Description of event,condition_3,6163
6594,2023-08-04 07:33:26,alert_717,node_A,17,service_D,Description of event,condition_5,8909
9093,2023-08-12 07:33:26,alert_902,node_Q,95,service_A,Description of event,condition_1,4245
2776,2023-08-22 07:33:26,alert_350,node_N,36,service_E,Description of event,condition_5,4037
5147,2023-08-17 07:33:26,alert_904,node_S,20,service_F,Description of event,condition_1,7062
2155,2023-08-01 07:33:26,alert_322,node_J,58,service_F,Description of event,condition_5,4568
5116,2023-08-21 07:33:26,alert_160,node_U,45,service_C,Description of event,condition_2,3526
9399,2023-08-04 07:33:26,alert_267,node_O,94,service_A,Description of event,condition_3,9736
5147,2023-08-10 07:33:26,alert_227,node_A,59,service_C,Description of event,condition_5,6861
3454,2023-08-25 07:33:26,alert_879,node_V,60,service_C,Description of event,condition_2,7122
8996,2023-08-15 07:33:26,alert_172,node_P,62,service_C,Description of event,condition_3,7787
1228,2023-08-20 07:33:26,alert_278,node_G,94,service_C,Description of event,condition_1,9296
9140,2023-08-28 07:33:26,alert_435,node_J,29,service_F,Description of event,condition_4,7984
9789,2023-08-27 07:33:26,alert_777,node_V,36,service_D,Description of event,condition_5,1324
7780,2023-08-08 07:33:26,alert_581,node_N,94,service_D,Description of event,condition_4,2867
9126,2023-08-29 07:33:26,alert_811,node_X,43,service_D,Description of event,condition_5,8753
8091,2023-08-10 07:33:26,alert_594,node_O,13,service_D,Description of event,condition_1,2601
1887,2023-08-09 07:33:26,alert_258,node_I,67,service_F,Description of event,condition_3,1932
6014,2023-08-19 07:33:26,alert_665,node_V,83,service_C,Description of event,condition_5,3250
8307,2023-08-14 07:33:26,alert_559,node_Y,12,service_D,Description of event,condition_4,6766
6801,2023-08-26 07:33:26,alert_661,node_X,22,service_D,Description of event,condition_5,6901
8981,2023-08-18 07:33:26,alert_280,node_Z,23,service_A,Description of event,condition_1,4350
4202,2023-08-22 07:33:26,alert_405,node_W,47,service_F,Description of event,condition_3,7034
4921,2023-08-13 07:33:26,alert_861,node_T,34,service_F,Description of event,condition_4,1504
5983,2023-08-10 07:33:26,alert_607,node_G,62,service_C,Description of event,condition_3,9057
7587,2023-08-10 07:33:26,alert_254,node_F,90,service_B,Description of event,condition_1,4142
1035,2023-08-08 07:33:26,alert_674,node_H,17,service_B,Description of event,condition_3,6972
4273,2023-08-17 07:33:26,alert_975,node_E,54,service_B,Description of event,condition_5,4762
6945,2023-08-06 07:33:26,alert_586,node_R,24,service_A,Description of event,condition_5,7012
4293,2023-08-17 07:33:26,alert_899,node_Z,18,service_A,Description of event,condition_1,3218
5429,2023-08-10 07:33:26,alert_924,node_F,98,service_B,Description of event,condition_2,3622
2956,2023-08-03 07:33:26,alert_710,node_O,42,service_C,Description of event,condition_3,2484
3459,2023-08-09 07:33:26,alert_308,node_C,15,service_E,Description of event,condition_2,2905
8356,2023-08-17 07:33:26,alert_650,node_C,19,service_D,Description of event,condition_5,1959
8679,2023-08-13 07:33:26,alert_116,node_P,30,service_E,Description of event,condition_4,7874
3117,2023-08-17 07:33:26,alert_942,node_U,68,service_C,Description of event,condition_1,3452
1025,2023-08-01 07:33:26,alert_986,node_F,88,service_D,Description of event,condition_5,9099
2156,2023-08-30 07:33:26,alert_887,node_B,47,service_E,Description of event,condition_4,6033
1230,2023-08-09 07:33:26,alert_214,node_D,21,service_C,Description of event,condition_4,3115
7750,2023-08-05 07:33:26,alert_878,node_O,77,service_A,Description of event,condition_5,2372
3839,2023-08-29 07:33:26,alert_553,node_F,81,service_D,Description of event,condition_3,4524
2029,2023-08-02 07:33:26,alert_639,node_W,70,service_C,Description of event,condition_2,7279
5414,2023-08-02 07:33:26,alert_446,node_B,34,service_B,Description of event,condition_4,3707
3271,2023-08-20 07:33:26,alert_855,node_T,86,service_C,Description of event,condition_4,9114
3332,2023-08-26 07:33:26,alert_433,node_Q,16,service_F,Description of event,condition_4,4291
9934,2023-08-30 07:33:26,alert_677,node_C,15,service_A,Description of event,condition_2,4868
8770,2023-08-25 07:33:26,alert_223,node_Y,93,service_B,Description of event,condition_3,7785
6897,2023-08-19 07:33:26,alert_932,node_E,53,service_E,Description of event,condition_3,5995
1315,2023-08-14 07:33:26,alert_373,node_G,30,service_B,Description of event,condition_2,2181
2729,2023-08-05 07:33:26,alert_820,node_S,36,service_D,Description of event,condition_1,2220
8507,2023-08-25 07:33:26,alert_758,node_M,89,service_E,Description of event,condition_3,2276
5588,2023-08-16 07:33:26,alert_699,node_C,95,service_C,Description of event,condition_5,9449
2904,2023-08-20 07:33:26,alert_734,node_S,30,service_D,Description of event,condition_3,9162
3989,2023-08-08 07:33:26,alert_859,node_N,72,service_F,Description of event,condition_1,5236
1899,2023-08-19 07:33:26,alert_441,node_K,72,service_A,Description of event,condition_1,5480
1261,2023-08-16 07:33:26,alert_191,node_F,87,service_B,Description of event,condition_1,3926
3019,2023-08-22 07:33:26,alert_272,node_Q,16,service_B,Description of event,condition_5,3440
4509,2023-08-20 07:33:26,alert_276,node_S,38,service_B,Description of event,condition_1,6599
3743,2023-08-11 07:33:26,alert_943,node_R,82,service_C,Description of event,condition_4,9816
7091,2023-08-01 07:33:26,alert_729,node_G,27,service_A,Description of event,condition_4,1000
2716,2023-08-08 07:33:26,alert_938,node_R,74,service_D,Description of event,condition_2,3838
2075,2023-08-21 07:33:26,alert_532,node_C,15,service_E,Description of event,condition_1,5019
1563,2023-08-29 07:33:26,alert_147,node_H,39,service_D,Description of event,condition_1,8236
8688,2023-08-25 07:33:26,alert_829,node_J,91,service_E,Description of event,condition_2,9522
8268,2023-08-23 07:33:26,alert_418,node_X,72,service_D,Description of event,condition_4,3475
5644,2023-08-01 07:33:26,alert_273,node_N,37,service_F,Description of event,condition_3,9009
6062,2023-08-12 07:33:26,alert_553,node_W,14,service_A,Description of event,condition_3,5396
9617,2023-08-19 07:33:26,alert_289,node_L,81,service_C,Description of event,condition_4,7201
4032,2023-08-08 07:33:26,alert_410,node_C,46,service_B,Description of event,condition_4,3838
6117,2023-08-17 07:33:26,alert_595,node_G,34,service_A,Description of event,condition_1,2808
8593,2023-08-11 07:33:26,alert_221,node_V,17,service_B,Description of event,condition_2,4377
1423,2023-08-12 07:33:26,alert_203,node_X,70,service_C,Description of event,condition_4,4984
5651,2023-08-19 07:33:26,alert_405,node_U,50,service_A,Description of event,condition_5,8564
4839,2023-08-18 07:33:26,alert_192,node_D,92,service_B,Description of event,condition_2,7676
5191,2023-08-04 07:33:26,alert_821,node_O,80,service_B,Description of event,condition_1,4979
6357,2023-08-07 07:33:26,alert_543,node_H,92,service_B,Description of event,condition_2,1705
2977,2023-08-08 07:33:26,alert_746,node_C,95,service_D,Description of event,condition_4,9363
3171,2023-08-04 07:33:26,alert_722,node_W,99,service_E,Description of event,condition_1,4804
3679,2023-08-22 07:33:26,alert_198,node_N,72,service_F,Description of event,condition_4,5171
1100,2023-08-09 07:33:26,alert_590,node_H,92,service_F,Description of event,condition_2,3276
8747,2023-08-17 07:33:26,alert_732,node_J,40,service_E,Description of event,condition_1,7198
2131,2023-08-22 07:33:26,alert_528,node_Z,54,service_D,Description of event,condition_2,5892
7127,2023-08-04 07:33:26,alert_202,node_E,27,service_B,Description of event,condition_3,1484
5570,2023-08-23 07:33:26,alert_393,node_G,51,service_D,Description of event,condition_3,4951
9239,2023-08-23 07:33:26,alert_580,node_G,42,service_F,Description of event,condition_5,2931
2094,2023-08-08 07:33:26,alert_643,node_L,70,service_D,Description of event,condition_5,8979
8413,2023-08-10 07:33:26,alert_715,node_O,41,service_E,Description of event,condition_2,9673
1372,2023-08-07 07:33:26,alert_335,node_W,58,service_F,Description of event,condition_1,6153
6268,2023-08-04 07:33:26,alert_236,node_E,68,service_D,Description of event,condition_4,3167
9048,2023-08-03 07:33:26,alert_185,node_P,75,service_C,Description of event,condition_3,2820
3887,2023-08-20 07:33:26,alert_892,node_V,45,service_C,Description of event,condition_1,6983
6213,2023-08-06 07:33:26,alert_335,node_W,44,service_B,Description of event,condition_5,4566
5140,2023-08-05 07:33:26,alert_869,node_T,59,service_C,Description of event,condition_2,4467
8246,2023-08-09 07:33:26,alert_326,node_L,85,service_B,Description of event,condition_1,6796
1236,2023-08-03 07:33:26,alert_965,node_G,92,service_A,Description of event,condition_3,8347
1156,2023-08-06 07:33:26,alert_883,node_W,53,service_E,Description of event,condition_2,7118
3903,2023-08-01 07:33:26,alert_757,node_I,100,service_A,Description of event,condition_2,8265
1771,2023-08-27 07:33:26,alert_313,node_Q,33,service_E,Description of event,condition_4,4982
1229,2023-08-21 07:33:26,alert_952,node_O,15,service_A,Description of event,condition_2,3648
4293,2023-08-29 07:33:26,alert_164,node_D,67,service_F,Description of event,condition_4,7662
8785,2023-08-29 07:33:26,alert_954,node_P,52,service_D,Description of event,condition_1,9449
2537,2023-08-01 07:33:26,alert_165,node_U,48,service_B,Description of event,condition_4,9079
1838,2023-08-26 07:33:26,alert_241,node_I,46,service_F,Description of event,condition_1,6484
2636,2023-08-23 07:33:26,alert_286,node_W,36,service_F,Description of event,condition_2,4698
7464,2023-08-25 07:33:26,alert_122,node_U,40,service_E,Description of event,condition_4,1820
1220,2023-08-20 07:33:26,alert_449,node_Z,65,service_A,Description of event,condition_4,5636
7716,2023-08-03 07:33:26,alert_630,node_V,74,service_C,Description of event,condition_5,9659
5388,2023-08-02 07:33:26,alert_611,node_S,91,service_D,Description of event,condition_1,3706
1419,2023-08-01 07:33:26,alert_900,node_C,22,service_C,Description of event,condition_3,1023
7216,2023-08-02 07:33:26,alert_966,node_G,79,service_B,Description of event,condition_4,3222
8422,2023-08-21 07:33:26,alert_521,node_K,41,service_E,Description of event,condition_1,5700
2283,2023-08-05 07:33:26,alert_180,node_U,49,service_E,Description of event,condition_2,6781
6685,2023-08-13 07:33:26,alert_599,node_K,31,service_D,Description of event,condition_5,1045
2757,2023-08-21 07:33:26,alert_436,node_K,26,service_E,Description of event,condition_5,5174
1764,2023-08-29 07:33:26,alert_381,node_M,61,service_A,Description of event,condition_2,9652
9986,2023-08-07 07:33:26,alert_727,node_O,38,service_C,Description of event,condition_1,8676
8231,2023-08-05 07:33:26,alert_841,node_F,93,service_B,Description of event,condition_3,7153
8560,2023-08-19 07:33:26,alert_649,node_Y,46,service_D,Description of event,condition_3,2370
6968,2023-08-22 07:33:26,alert_550,node_D,32,service_B,Description of event,condition_2,9600
9645,2023-08-12 07:33:26,alert_430,node_D,11,service_B,Description of event,condition_1,4269
8626,2023-08-19 07:33:26,alert_675,node_O,93,service_A,Description of event,condition_4,2726
1994,2023-08-01 07:33:26,alert_266,node_O,49,service_C,Description of event,condition_1,7170
7610,2023-08-20 07:33:26,alert_335,node_F,84,service_C,Description of event,condition_5,2025
4065,2023-08-09 07:33:26,alert_305,node_M,63,service_C,Description of event,condition_1,8252
1889,2023-08-27 07:33:26,alert_711,node_S,44,service_D,Description of event,condition_5,5845
8637,2023-08-04 07:33:26,alert_571,node_X,82,service_C,Description of event,condition_4,4004
7899,2023-08-18 07:33:26,alert_199,node_P,35,service_A,Description of event,condition_2,9259
2101,2023-08-17 07:33:26,alert_263,node_K,55,service_E,Description of event,condition_1,6819
1581,2023-08-14 07:33:26,alert_767,node_F,61,service_E,Description of event,condition_1,8788
1341,2023-08-29 07:33:26,alert_452,node_Z,74,service_C,Description of event,condition_4,1342
9170,2023-08-21 07:33:26,alert_929,node_T,20,service_A,Description of event,condition_1,2122
5666,2023-08-23 07:33:26,alert_950,node_W,68,service_A,Description of event,condition_1,5131
8794,2023-08-11 07:33:26,alert_737,node_S,39,service_C,Description of event,condition_1,3435
2079,2023-08-30 07:33:26,alert_418,node_Q,26,service_C,Description of event,condition_4,4927
7847,2023-08-02 07:33:26,alert_276,node_H,36,service_C,Description of event,condition_1,1949
4872,2023-08-08 07:33:26,alert_391,node_Y,14,service_B,Description of event,condition_2,9147
7523,2023-08-10 07:33:26,alert_647,node_C,49,service_F,Description of event,condition_5,1936
5528,2023-08-02 07:33:26,alert_829,node_U,22,service_F,Description of event,condition_1,4662
3979,2023-08-27 07:33:26,alert_188,node_M,52,service_C,Description of event,condition_1,3454
6450,2023-08-19 07:33:26,alert_793,node_Q,16,service_E,Description of event,condition_4,3488
8328,2023-08-20 07:33:26,alert_417,node_I,59,service_F,Description of event,condition_5,4115
7183,2023-08-29 07:33:26,alert_775,node_H,89,service_C,Description of event,condition_2,9457
4529,2023-08-29 07:33:26,alert_761,node_B,45,service_F,Description of event,condition_2,4819
9655,2023-08-26 07:33:26,alert_836,node_D,38,service_D,Description of event,condition_3,6894
1223,2023-08-04 07:33:26,alert_853,node_Q,94,service_D,Description of event,condition_2,3896
6132,2023-08-02 07:33:26,alert_651,node_R,55,service_B,Description of event,condition_2,1579
9947,2023-08-23 07:33:26,alert_566,node_Z,71,service_D,Description of event,condition_1,8273
2673,2023-08-16 07:33:26,alert_925,node_O,11,service_C,Description of event,condition_1,1113
2200,2023-08-28 07:33:26,alert_384,node_O,83,service_B,Description of event,condition_5,1040
7125,2023-08-29 07:33:26,alert_374,node_J,23,service_A,Description of event,condition_1,1796
4320,2023-08-10 07:33:26,alert_675,node_O,19,service_F,Description of event,condition_3,3053
9016,2023-08-27 07:33:26,alert_851,node_H,98,service_C,Description of event,condition_5,4697
2742,2023-08-18 07:33:26,alert_908,node_U,16,service_B,Description of event,condition_4,7618
9791,2023-08-03 07:33:26,alert_833,node_I,25,service_A,Description of event,condition_4,6859
7743,2023-08-18 07:33:26,alert_557,node_I,38,service_D,Description of event,condition_3,7260
7319,2023-08-14 07:33:26,alert_474,node_E,73,service_B,Description of event,condition_4,4476
8970,2023-08-17 07:33:26,alert_685,node_B,70,service_F,Description of event,condition_1,5480
5815,2023-08-26 07:33:26,alert_670,node_P,91,service_B,Description of event,condition_1,6897
2038,2023-08-15 07:33:26,alert_384,node_R,19,service_C,Description of event,condition_5,9762
5705,2023-08-03 07:33:26,alert_199,node_F,84,service_A,Description of event,condition_5,1010
1081,2023-08-07 07:33:26,alert_199,node_B,81,service_D,Description of event,condition_2,1789
2441,2023-08-03 07:33:26,alert_751,node_H,64,service_C,Description of event,condition_4,6778
6478,2023-08-18 07:33:26,alert_852,node_R,22,service_F,Description of event,condition_5,3079
8650,2023-08-14 07:33:26,alert_549,node_J,99,service_D,Description of event,condition_2,6862
9668,2023-08-11 07:33:26,alert_166,node_H,81,service_F,Description of event,condition_2,8106
6819,2023-08-29 07:33:26,alert_687,node_S,57,service_C,Description of event,condition_1,5488
8266,2023-08-06 07:33:26,alert_674,node_V,94,service_E,Description of event,condition_2,7293
3440,2023-08-07 07:33:26,alert_270,node_G,18,service_A,Description of event,condition_4,2766
3785,2023-08-19 07:33:26,alert_444,node_D,60,service_F,Description of event,condition_1,7818
8186,2023-08-14 07:33:26,alert_785,node_T,63,service_D,Description of event,condition_4,1897
6140,2023-08-29 07:33:26,alert_346,node_Y,92,service_E,Description of event,condition_2,4033
8418,2023-08-19 07:33:26,alert_437,node_E,64,service_C,Description of event,condition_5,9457
2568,2023-08-18 07:33:26,alert_312,node_A,32,service_F,Description of event,condition_2,9360
9468,2023-08-20 07:33:26,alert_284,node_F,74,service_D,Description of event,condition_3,6361
2932,2023-08-28 07:33:26,alert_674,node_D,50,service_D,Description of event,condition_1,8264
6193,2023-08-22 07:33:26,alert_488,node_B,39,service_D,Description of event,condition_3,6511
9873,2023-08-30 07:33:26,alert_345,node_Y,86,service_A,Description of event,condition_1,4552
3921,2023-08-07 07:33:26,alert_534,node_I,97,service_E,Description of event,condition_5,5404
5963,2023-08-24 07:33:26,alert_471,node_C,100,service_B,Description of event,condition_1,5472
3439,2023-08-06 07:33:26,alert_520,node_V,64,service_D,Description of event,condition_3,6626
3047,2023-08-20 07:33:26,alert_250,node_Q,29,service_F,Description of event,condition_3,5797
4223,2023-08-04 07:33:26,alert_239,node_Y,36,service_E,Description of event,condition_5,7238
9775,2023-08-01 07:33:26,alert_370,node_U,62,service_A,Description of event,condition_4,8796
7530,2023-08-05 07:33:26,alert_197,node_T,60,service_F,Description of event,condition_5,2498
7640,2023-08-19 07:33:26,alert_873,node_O,98,service_C,Description of event,condition_3,1164
3640,2023-08-12 07:33:26,alert_616,node_B,83,service_E,Description of event,condition_4,2480
2533,2023-08-15 07:33:26,alert_538,node_D,46,service_B,Description of event,condition_5,5948
5938,2023-08-15 07:33:26,alert_814,node_W,37,service_F,Description of event,condition_2,3734
7850,2023-08-11 07:33:26,alert_175,node_F,16,service_B,Description of event,condition_5,3611
1195,2023-08-04 07:33:26,alert_688,node_M,14,service_C,Description of event,condition_1,4070
3162,2023-08-04 07:33:26,alert_919,node_K,53,service_B,Description of event,condition_1,9283
7411,2023-08-17 07:33:26,alert_351,node_I,35,service_F,Description of event,condition_4,2058
4969,2023-08-19 07:33:26,alert_409,node_N,56,service_D,Description of event,condition_5,1476
9531,2023-08-08 07:33:26,alert_762,node_Y,86,service_A,Description of event,condition_2,7292
1551,2023-08-30 07:33:26,alert_931,node_L,57,service_B,Description of event,condition_1,6374
1250,2023-08-22 07:33:26,alert_168,node_G,77,service_F,Description of event,condition_3,7897
3384,2023-08-12 07:33:26,alert_845,node_Q,12,service_C,Description of event,condition_5,4856
3487,2023-08-18 07:33:26,alert_197,node_Z,95,service_F,Description of event,condition_1,8050
2368,2023-08-05 07:33:26,alert_561,node_R,11,service_F,Description of event,condition_5,3214
5951,2023-08-22 07:33:26,alert_706,node_X,35,service_B,Description of event,condition_4,8843
2098,2023-08-10 07:33:26,alert_490,node_E,78,service_A,Description of event,condition_1,2940
8263,2023-08-05 07:33:26,alert_778,node_C,33,service_B,Description of event,condition_5,8034
6673,2023-08-26 07:33:26,alert_949,node_W,72,service_A,Description of event,condition_1,7543
3665,2023-08-20 07:33:26,alert_430,node_W,66,service_D,Description of event,condition_4,2839
7629,2023-08-25 07:33:26,alert_623,node_V,85,service_E,Description of event,condition_5,5969
4581,2023-08-22 07:33:26,alert_362,node_V,13,service_B,Description of event,condition_1,2218
3982,2023-08-05 07:33:26,alert_129,node_L,32,service_E,Description of event,condition_5,1417
6763,2023-08-26 07:33:26,alert_822,node_Y,56,service_B,Description of event,condition_1,9675
8576,2023-08-26 07:33:26,alert_427,node_S,57,service_A,Description of event,condition_5,6793
5464,2023-08-03 07:33:26,alert_698,node_Z,61,service_B,Description of event,condition_3,7490
7290,2023-08-19 07:33:26,alert_428,node_P,16,service_B,Description of event,condition_2,6489
4847,2023-08-18 07:33:26,alert_910,node_Y,27,service_E,Description of event,condition_5,7229
5715,2023-08-12 07:33:26,alert_177,node_M,99,service_E,Description of event,condition_1,6982
6834,2023-08-16 07:33:26,alert_143,node_B,95,service_C,Description of event,condition_3,4969
7774,2023-08-16 07:33:26,alert_897,node_S,31,service_F,Description of event,condition_2,2480
3549,2023-08-10 07:33:26,alert_804,node_A,16,service_E,Description of event,condition_2,2740
4597,2023-08-30 07:33:26,alert_433,node_P,13,service_F,Description of event,condition_5,3453
4451,2023-08-28 07:33:26,alert_359,node_E,38,service_F,Description of event,condition_1,8933
9237,2023-08-13 07:33:26,alert_410,node_O,28,service_A,Description of event,condition_1,2122
6220,2023-08-03 07:33:26,alert_382,node_N,88,service_C,Description of event,condition_1,6234
6202,2023-08-16 07:33:26,alert_297,node_S,98,service_B,Description of event,condition_5,6013
2651,2023-08-19 07:33:26,alert_637,node_R,69,service_F,Description of event,condition_4,9821
6320,2023-08-12 07:33:26,alert_550,node_I,54,service_A,Description of event,condition_5,9300
7625,2023-08-16 07:33:26,alert_403,node_T,81,service_F,Description of event,condition_4,4189
1843,2023-08-11 07:33:26,alert_594,node_K,24,service_B,Description of event,condition_1,5502
3705,2023-08-03 07:33:26,alert_647,node_Q,97,service_F,Description of event,condition_5,6600
7111,2023-08-21 07:33:26,alert_903,node_L,19,service_E,Description of event,condition_3,6701
2207,2023-08-13 07:33:26,alert_198,node_I,50,service_C,Description of event,condition_3,1246
2186,2023-08-10 07:33:26,alert_258,node_T,25,service_D,Description of event,condition_2,9939
3050,2023-08-14 07:33:26,alert_331,node_A,21,service_D,Description of event,condition_4,4485
5425,2023-08-25 07:33:26,alert_767,node_F,58,service_C,Description of event,condition_3,9881
5792,2023-08-04 07:33:26,alert_712,node_G,20,service_B,Description of event,condition_2,2107
1393,2023-08-06 07:33:26,alert_981,node_O,72,service_D,Description of event,condition_4,9482
8001,2023-08-08 07:33:26,alert_144,node_J,22,service_D,Description of event,condition_3,8872
8867,2023-08-15 07:33:26,alert_466,node_E,98,service_D,Description of event,condition_4,2220
8858,2023-08-11 07:33:26,alert_107,node_G,78,service_A,Description of event,condition_5,2658
1415,2023-08-27 07:33:26,alert_447,node_G,60,service_D,Description of event,condition_2,4928
1199,2023-08-04 07:33:26,alert_658,node_X,57,service_E,Description of event,condition_2,1649
7803,2023-08-27 07:33:26,alert_637,node_O,29,service_F,Description of event,condition_2,9326
1798,2023-08-15 07:33:26,alert_667,node_C,74,service_E,Description of event,condition_4,2099
6389,2023-08-11 07:33:26,alert_645,node_V,70,service_A,Description of event,condition_2,4920
2295,2023-08-24 07:33:26,alert_775,node_K,84,service_E,Description of event,condition_2,8396
2461,2023-08-20 07:33:26,alert_401,node_N,16,service_A,Description of event,condition_4,2971
1541,2023-08-14 07:33:26,alert_273,node_M,83,service_E,Description of event,condition_4,5130
9282,2023-08-12 07:33:26,alert_137,node_L,98,service_F,Description of event,condition_3,7117
1384,2023-08-29 07:33:26,alert_509,node_X,31,service_B,Description of event,condition_5,4318
3436,2023-08-07 07:33:26,alert_638,node_I,29,service_C,Description of event,condition_3,4959
4346,2023-08-14 07:33:26,alert_685,node_S,96,service_B,Description of event,condition_2,9329
8717,2023-08-15 07:33:26,alert_976,node_U,86,service_B,Description of event,condition_5,1839
6089,2023-08-28 07:33:26,alert_710,node_G,52,service_E,Description of event,condition_2,1597
3912,2023-08-30 07:33:26,alert_604,node_H,38,service_A,Description of event,condition_2,9968
3673,2023-08-09 07:33:26,alert_986,node_B,52,service_B,Description of event,condition_1,6996
3394,2023-08-13 07:33:26,alert_830,node_C,54,service_B,Description of event,condition_2,8557
4798,2023-08-22 07:33:26,alert_995,node_S,86,service_E,Description of event,condition_4,6287
9960,2023-08-13 07:33:26,alert_814,node_N,35,service_D,Description of event,condition_1,3309
6934,2023-08-13 07:33:26,alert_913,node_E,22,service_C,Description of event,condition_3,5468
2683,2023-08-20 07:33:26,alert_289,node_K,10,service_C,Description of event,condition_4,1392
2514,2023-08-30 07:33:26,alert_866,node_V,66,service_D,Description of event,condition_2,1618
4932,2023-08-22 07:33:26,alert_381,node_X,84,service_B,Description of event,condition_4,3883
9914,2023-08-13 07:33:26,alert_833,node_B,81,service_C,Description of event,condition_1,6095
5874,2023-08-07 07:33:26,alert_959,node_T,13,service_A,Description of event,condition_4,8905
6229,2023-08-29 07:33:26,alert_332,node_C,29,service_D,Description of event,condition_2,9034
7959,2023-08-07 07:33:26,alert_249,node_P,27,service_A,Description of event,condition_5,1846
6652,2023-08-23 07:33:26,alert_288,node_F,47,service_D,Description of event,condition_1,3582
3839,2023-08-02 07:33:26,alert_170,node_W,77,service_E,Description of event,condition_4,4611
5966,2023-08-26 07:33:26,alert_538,node_W,54,service_E,Description of event,condition_3,9734
7634,2023-08-15 07:33:26,alert_446,node_L,20,service_F,Description of event,condition_2,1976
2229,2023-08-10 07:33:26,alert_651,node_A,33,service_C,Description of event,condition_1,9834
5030,2023-08-14 07:33:26,alert_984,node_S,62,service_D,Description of event,condition_3,4431
7253,2023-08-20 07:33:26,alert_840,node_D,51,service_B,Description of event,condition_5,8897
9979,2023-08-14 07:33:26,alert_648,node_J,49,service_C,Description of event,condition_1,7776
8069,2023-08-11 07:33:26,alert_681,node_O,47,service_F,Description of event,condition_4,2781
1952,2023-08-26 07:33:26,alert_960,node_H,93,service_E,Description of event,condition_1,6326
9741,2023-08-13 07:33:26,alert_348,node_Y,57,service_F,Description of event,condition_2,8867
8491,2023-08-27 07:33:26,alert_794,node_D,59,service_D,Description of event,condition_2,1886
1080,2023-08-28 07:33:26,alert_818,node_S,96,service_A,Description of event,condition_3,6916
8422,2023-08-26 07:33:26,alert_404,node_T,98,service_A,Description of event,condition_1,8115
5754,2023-08-30 07:33:26,alert_968,node_Q,78,service_D,Description of event,condition_3,2360
6663,2023-08-30 07:33:26,alert_548,node_X,11,service_F,Description of event,condition_5,9393
2479,2023-08-19 07:33:26,alert_137,node_I,81,service_B,Description of event,condition_1,8090
3621,2023-08-07 07:33:26,alert_269,node_J,43,service_E,Description of event,condition_2,4086
8284,2023-08-23 07:33:26,alert_368,node_W,83,service_F,Description of event,condition_4,9659
5353,2023-08-13 07:33:26,alert_697,node_I,26,service_F,Description of event,condition_3,8659
9500,2023-08-19 07:33:26,alert_510,node_R,16,service_B,Description of event,condition_5,4282
4163,2023-08-15 07:33:26,alert_966,node_Q,39,service_D,Description of event,condition_1,5981
7009,2023-08-20 07:33:26,alert_793,node_D,87,service_A,Description of event,condition_1,1450
7693,2023-08-11 07:33:26,alert_956,node_T,53,service_C,Description of event,condition_3,7027
9775,2023-08-03 07:33:26,alert_277,node_S,99,service_B,Description of event,condition_5,3787
1174,2023-08-25 07:33:26,alert_790,node_Q,30,service_F,Description of event,condition_4,1257
4748,2023-08-30 07:33:26,alert_560,node_D,70,service_F,Description of event,condition_4,6389
7696,2023-08-30 07:33:26,alert_725,node_F,44,service_A,Description of event,condition_2,4336
8938,2023-08-27 07:33:26,alert_855,node_K,25,service_B,Description of event,condition_3,7002
9775,2023-08-13 07:33:26,alert_679,node_R,77,service_A,Description of event,condition_5,4046
8046,2023-08-13 07:33:26,alert_661,node_J,22,service_F,Description of event,condition_1,6972
8418,2023-08-28 07:33:26,alert_718,node_C,54,service_A,Description of event,condition_4,5285
9822,2023-08-26 07:33:26,alert_810,node_Y,58,service_F,Description of event,condition_3,1061
1683,2023-08-25 07:33:26,alert_480,node_D,93,service_D,Description of event,condition_2,1128
2152,2023-08-01 07:33:26,alert_984,node_P,89,service_D,Description of event,condition_1,4863
5295,2023-08-22 07:33:26,alert_207,node_A,54,service_B,Description of event,condition_5,4205
5477,2023-08-12 07:33:26,alert_715,node_A,17,service_F,Description of event,condition_1,6153
3024,2023-08-24 07:33:26,alert_223,node_E,82,service_A,Description of event,condition_3,7537
6393,2023-08-18 07:33:26,alert_575,node_C,53,service_D,Description of event,condition_4,8687
9408,2023-08-10 07:33:26,alert_446,node_U,19,service_D,Description of event,condition_5,8511
5160,2023-08-28 07:33:26,alert_192,node_F,25,service_C,Description of event,condition_3,8900
8400,2023-08-22 07:33:26,alert_662,node_F,45,service_E,Description of event,condition_2,5119
6051,2023-08-21 07:33:26,alert_889,node_E,67,service_F,Description of event,condition_1,2088
8624,2023-08-14 07:33:26,alert_883,node_K,35,service_F,Description of event,condition_3,4702
5223,2023-08-06 07:33:26,alert_512,node_R,29,service_F,Description of event,condition_3,1796
6689,2023-08-10 07:33:26,alert_481,node_K,33,service_F,Description of event,condition_3,3464
8726,2023-08-26 07:33:26,alert_222,node_P,67,service_F,Description of event,condition_5,1357
9439,2023-08-09 07:33:26,alert_929,node_Z,44,service_D,Description of event,condition_2,7505
5201,2023-08-18 07:33:26,alert_137,node_T,28,service_D,Description of event,condition_2,1842
5201,2023-08-14 07:33:26,alert_830,node_Z,55,service_D,Description of event,condition_5,9464
2374,2023-08-05 07:33:26,alert_620,node_J,13,service_C,Description of event,condition_3,9510
4341,2023-08-22 07:33:26,alert_857,node_N,29,service_B,Description of event,condition_2,3700
8717,2023-08-03 07:33:26,alert_220,node_A,15,service_A,Description of event,condition_1,6739
2231,2023-08-11 07:33:26,alert_419,node_R,44,service_A,Description of event,condition_2,4598
8806,2023-08-20 07:33:26,alert_307,node_H,13,service_C,Description of event,condition_5,1201
7307,2023-08-23 07:33:26,alert_598,node_V,52,service_E,Description of event,condition_1,4204
4929,2023-08-18 07:33:26,alert_615,node_P,20,service_F,Description of event,condition_2,8243
5769,2023-08-27 07:33:26,alert_236,node_N,97,service_B,Description of event,condition_5,5775
2875,2023-08-10 07:33:26,alert_464,node_D,16,service_F,Description of event,condition_3,4763
6293,2023-08-20 07:33:26,alert_298,node_O,91,service_B,Description of event,condition_1,2331
3235,2023-08-18 07:33:26,alert_925,node_F,98,service_F,Description of event,condition_2,1364
5117,2023-08-27 07:33:26,alert_118,node_L,97,service_E,Description of event,condition_1,4961
1500,2023-08-25 07:33:26,alert_354,node_I,73,service_C,Description of event,condition_4,4910
4388,2023-08-26 07:33:26,alert_825,node_J,17,service_B,Description of event,condition_1,1192
1746,2023-08-28 07:33:26,alert_172,node_R,18,service_B,Description of event,condition_2,4814
7121,2023-08-21 07:33:26,alert_198,node_V,60,service_D,Description of event,condition_2,8629
9333,2023-08-15 07:33:26,alert_784,node_W,41,service_B,Description of event,condition_4,3151
2540,2023-08-23 07:33:26,alert_962,node_C,28,service_E,Description of event,condition_2,7258
9037,2023-08-12 07:33:26,alert_423,node_C,36,service_F,Description of event,condition_5,8790
9322,2023-08-10 07:33:26,alert_389,node_K,65,service_C,Description of event,condition_3,1431
8719,2023-08-01 07:33:26,alert_138,node_O,17,service_F,Description of event,condition_1,3686
5252,2023-08-20 07:33:26,alert_645,node_F,74,service_A,Description of event,condition_5,7447
3800,2023-08-21 07:33:26,alert_801,node_Q,81,service_C,Description of event,condition_2,7598
4748,2023-08-19 07:33:26,alert_216,node_L,73,service_F,Description of event,condition_1,9803
3859,2023-08-17 07:33:26,alert_730,node_Q,96,service_E,Description of event,condition_1,6540
8980,2023-08-25 07:33:26,alert_305,node_V,36,service_F,Description of event,condition_5,7291
1966,2023-08-07 07:33:26,alert_253,node_T,76,service_E,Description of event,condition_5,7385
5012,2023-08-16 07:33:26,alert_727,node_L,92,service_B,Description of event,condition_2,1516
1206,2023-08-18 07:33:26,alert_777,node_O,84,service_D,Description of event,condition_3,7084
5516,2023-08-15 07:33:26,alert_490,node_T,23,service_B,Description of event,condition_5,1803
6830,2023-08-21 07:33:26,alert_483,node_W,17,service_E,Description of event,condition_3,5442
2472,2023-08-24 07:33:26,alert_956,node_D,20,service_A,Description of event,condition_4,2508
4949,2023-08-29 07:33:26,alert_266,node_I,15,service_A,Description of event,condition_2,7111
8620,2023-08-07 07:33:26,alert_941,node_S,40,service_C,Description of event,condition_2,4416
6412,2023-08-25 07:33:26,alert_724,node_B,63,service_C,Description of event,condition_3,5432
6924,2023-08-03 07:33:26,alert_798,node_M,37,service_C,Description of event,condition_5,4516
7587,2023-08-09 07:33:26,alert_897,node_R,62,service_E,Description of event,condition_2,4462
8312,2023-08-02 07:33:26,alert_440,node_D,64,service_C,Description of event,condition_5,1486
1324,2023-08-04 07:33:26,alert_139,node_K,64,service_C,Description of event,condition_3,2300
4910,2023-08-25 07:33:26,alert_607,node_V,64,service_B,Description of event,condition_2,8255
7184,2023-08-29 07:33:26,alert_553,node_S,51,service_C,Description of event,condition_4,1033
5186,2023-08-06 07:33:26,alert_100,node_S,11,service_A,Description of event,condition_3,2333
6172,2023-08-10 07:33:26,alert_857,node_K,41,service_E,Description of event,condition_5,8756
8467,2023-08-19 07:33:26,alert_895,node_T,90,service_D,Description of event,condition_2,1398
9557,2023-08-21 07:33:26,alert_251,node_R,94,service_A,Description of event,condition_5,2342
7619,2023-08-22 07:33:26,alert_715,node_Y,38,service_B,Description of event,condition_3,5637
1095,2023-08-21 07:33:26,alert_647,node_B,25,service_D,Description of event,condition_3,9797
2760,2023-08-23 07:33:26,alert_525,node_D,81,service_A,Description of event,condition_4,6062
4825,2023-08-14 07:33:26,alert_667,node_M,63,service_E,Description of event,condition_5,2925
7087,2023-08-13 07:33:26,alert_819,node_Q,36,service_F,Description of event,condition_5,6654
4883,2023-08-23 07:33:26,alert_531,node_F,19,service_E,Description of event,condition_4,3702
4419,2023-08-22 07:33:26,alert_911,node_H,12,service_A,Description of event,condition_4,2203
9744,2023-08-15 07:33:26,alert_291,node_Y,40,service_A,Description of event,condition_3,6753
9002,2023-08-11 07:33:26,alert_555,node_B,30,service_E,Description of event,condition_2,4723
5040,2023-08-24 07:33:26,alert_940,node_Q,18,service_B,Description of event,condition_3,1714
2735,2023-08-21 07:33:26,alert_441,node_H,54,service_A,Description of event,condition_5,9578
7307,2023-08-08 07:33:26,alert_575,node_H,92,service_A,Description of event,condition_4,2283
3992,2023-08-05 07:33:26,alert_606,node_N,29,service_E,Description of event,condition_5,5528
7350,2023-08-05 07:33:26,alert_259,node_K,83,service_E,Description of event,condition_4,5419
8491,2023-08-02 07:33:26,alert_872,node_W,90,service_E,Description of event,condition_4,8329
4474,2023-08-03 07:33:26,alert_954,node_Q,32,service_C,Description of event,condition_5,7562
8078,2023-08-25 07:33:26,alert_636,node_W,69,service_C,Description of event,condition_2,9992
2558,2023-08-08 07:33:26,alert_451,node_E,52,service_E,Description of event,condition_1,9838
3647,2023-08-10 07:33:26,alert_482,node_C,16,service_B,Description of event,condition_4,4710
2574,2023-08-10 07:33:26,alert_939,node_N,33,service_D,Description of event,condition_3,7589
5053,2023-08-02 07:33:26,alert_969,node_C,64,service_E,Description of event,condition_1,9443
8157,2023-08-07 07:33:26,alert_535,node_L,92,service_E,Description of event,condition_5,1450
5632,2023-08-04 07:33:26,alert_138,node_I,49,service_D,Description of event,condition_1,7990
2769,2023-08-29 07:33:26,alert_372,node_U,77,service_E,Description of event,condition_5,8749
4978,2023-08-07 07:33:26,alert_870,node_C,39,service_A,Description of event,condition_5,8823
8967,2023-08-06 07:33:26,alert_369,node_I,15,service_E,Description of event,condition_5,8049
3050,2023-08-13 07:33:26,alert_113,node_D,42,service_F,Description of event,condition_4,2232
8363,2023-08-19 07:33:26,alert_920,node_D,82,service_E,Description of event,condition_2,8251
9466,2023-08-23 07:33:26,alert_491,node_K,49,service_F,Description of event,condition_3,2043
2833,2023-08-04 07:33:26,alert_375,node_T,12,service_B,Description of event,condition_2,2186
1774,2023-08-08 07:33:26,alert_621,node_H,56,service_A,Description of event,condition_1,2767
7211,2023-08-10 07:33:26,alert_588,node_X,58,service_F,Description of event,condition_4,2232
6466,2023-08-23 07:33:26,alert_220,node_K,25,service_C,Description of event,condition_3,8806
3017,2023-08-13 07:33:26,alert_644,node_J,41,service_F,Description of event,condition_4,4584
5751,2023-08-25 07:33:26,alert_619,node_D,38,service_B,Description of event,condition_2,6596
8787,2023-08-23 07:33:26,alert_948,node_U,61,service_B,Description of event,condition_3,3630
3988,2023-08-07 07:33:26,alert_573,node_L,93,service_E,Description of event,condition_4,6660
4611,2023-08-11 07:33:26,alert_248,node_L,19,service_A,Description of event,condition_5,6290
9346,2023-08-08 07:33:26,alert_577,node_I,73,service_B,Description of event,condition_1,6047
2068,2023-08-16 07:33:26,alert_945,node_I,52,service_A,Description of event,condition_4,8122
1030,2023-08-12 07:33:26,alert_804,node_C,94,service_C,Description of event,condition_1,6209
8636,2023-08-19 07:33:26,alert_258,node_F,28,service_D,Description of event,condition_1,7225
6326,2023-08-15 07:33:26,alert_201,node_E,87,service_A,Description of event,condition_1,8647
4117,2023-08-14 07:33:26,alert_710,node_K,83,service_D,Description of event,condition_2,6982
5893,2023-08-15 07:33:26,alert_630,node_A,27,service_F,Description of event,condition_5,2235
5430,2023-08-03 07:33:26,alert_530,node_P,82,service_B,Description of event,condition_4,1855
7508,2023-08-02 07:33:26,alert_600,node_Y,36,service_D,Description of event,condition_1,4245
2540,2023-08-07 07:33:26,alert_785,node_B,96,service_C,Description of event,condition_4,4763
9909,2023-08-06 07:33:26,alert_564,node_C,44,service_F,Description of event,condition_1,5211
8601,2023-08-03 07:33:26,alert_618,node_A,87,service_E,Description of event,condition_2,3666
5243,2023-08-12 07:33:26,alert_164,node_Z,26,service_A,Description of event,condition_3,9955
6798,2023-08-19 07:33:26,alert_671,node_D,68,service_C,Description of event,condition_1,2335
3760,2023-08-26 07:33:26,alert_302,node_S,12,service_F,Description of event,condition_5,4893
4929,2023-08-01 07:33:26,alert_167,node_F,30,service_D,Description of event,condition_5,9475
2373,2023-08-08 07:33:26,alert_309,node_N,55,service_B,Description of event,condition_1,7989
5625,2023-08-25 07:33:26,alert_161,node_I,28,service_B,Description of event,condition_1,4110
7811,2023-08-20 07:33:26,alert_482,node_J,59,service_E,Description of event,condition_2,6634
3120,2023-08-08 07:33:26,alert_425,node_Z,32,service_B,Description of event,condition_1,1184
4039,2023-08-15 07:33:26,alert_178,node_O,36,service_F,Description of event,condition_3,8611
9064,2023-08-01 07:33:26,alert_236,node_C,80,service_A,Description of event,condition_3,2910
3412,2023-08-04 07:33:26,alert_561,node_W,92,service_A,Description of event,condition_2,1387
1034,2023-08-09 07:33:26,alert_839,node_Q,38,service_A,Description of event,condition_2,3319
5898,2023-08-26 07:33:26,alert_233,node_S,89,service_D,Description of event,condition_1,7044
2868,2023-08-30 07:33:26,alert_795,node_D,86,service_F,Description of event,condition_1,4271
7889,2023-08-24 07:33:26,alert_545,node_L,78,service_E,Description of event,condition_3,2106
5962,2023-08-18 07:33:26,alert_328,node_F,93,service_F,Description of event,condition_5,7032
9920,2023-08-04 07:33:26,alert_119,node_Q,79,service_D,Description of event,condition_2,6947
8895,2023-08-06 07:33:26,alert_674,node_Y,23,service_C,Description of event,condition_1,6462
9276,2023-08-17 07:33:26,alert_103,node_V,64,service_F,Description of event,condition_1,3290
6769,2023-08-24 07:33:26,alert_551,node_V,24,service_B,Description of event,condition_5,9020
5059,2023-08-09 07:33:26,alert_510,node_Y,40,service_A,Description of event,condition_3,1510
8797,2023-08-26 07:33:26,alert_534,node_I,28,service_B,Description of event,condition_3,2353
6510,2023-08-27 07:33:26,alert_382,node_P,13,service_E,Description of event,condition_3,5689
1531,2023-08-25 07:33:26,alert_275,node_H,73,service_A,Description of event,condition_3,9611
8890,2023-08-26 07:33:26,alert_584,node_S,94,service_A,Description of event,condition_4,1597
1278,2023-08-16 07:33:26,alert_598,node_O,71,service_E,Description of event,condition_5,4268
5332,2023-08-01 07:33:26,alert_974,node_F,100,service_C,Description of event,condition_1,7309
2860,2023-08-07 07:33:26,alert_868,node_P,54,service_D,Description of event,condition_3,2905
8207,2023-08-07 07:33:26,alert_571,node_Q,31,service_F,Description of event,condition_2,5440
9489,2023-08-10 07:33:26,alert_785,node_Q,22,service_C,Description of event,condition_1,2659
7649,2023-08-26 07:33:26,alert_352,node_X,49,service_A,Description of event,condition_3,9134
9375,2023-08-19 07:33:26,alert_584,node_L,15,service_E,Description of event,condition_5,6833
4797,2023-08-18 07:33:26,alert_254,node_O,35,service_B,Description of event,condition_2,6988
4642,2023-08-13 07:33:26,alert_326,node_C,45,service_C,Description of event,condition_5,7507
2688,2023-08-11 07:33:26,alert_818,node_I,57,service_F,Description of event,condition_1,4163
3423,2023-08-19 07:33:26,alert_562,node_G,35,service_B,Description of event,condition_4,9430
5182,2023-08-08 07:33:26,alert_447,node_U,61,service_D,Description of event,condition_5,9523
7440,2023-08-01 07:33:26,alert_201,node_H,56,service_B,Description of event,condition_3,5409
1423,2023-08-30 07:33:26,alert_308,node_U,75,service_B,Description of event,condition_1,4814
4506,2023-08-28 07:33:26,alert_842,node_H,30,service_C,Description of event,condition_5,7930
3927,2023-08-05 07:33:26,alert_899,node_M,57,service_C,Description of event,condition_4,8764
2451,2023-08-17 07:33:26,alert_912,node_Z,85,service_C,Description of event,condition_5,5090
4425,2023-08-21 07:33:26,alert_555,node_D,37,service_D,Description of event,condition_3,5927
5631,2023-08-11 07:33:26,alert_290,node_O,21,service_C,Description of event,condition_3,9059
2611,2023-08-24 07:33:26,alert_653,node_G,66,service_C,Description of event,condition_2,1539
3051,2023-08-20 07:33:26,alert_600,node_L,84,service_C,Description of event,condition_4,5256
4344,2023-08-05 07:33:26,alert_651,node_Y,50,service_D,Description of event,condition_5,9700
5926,2023-08-12 07:33:26,alert_795,node_T,14,service_B,Description of event,condition_3,3450
1705,2023-08-25 07:33:26,alert_360,node_H,20,service_D,Description of event,condition_4,8380
4197,2023-08-23 07:33:26,alert_801,node_W,87,service_D,Description of event,condition_4,3066
9351,2023-08-06 07:33:26,alert_777,node_J,43,service_D,Description of event,condition_2,3032
7476,2023-08-23 07:33:26,alert_563,node_G,11,service_B,Description of event,condition_1,6616
5491,2023-08-17 07:33:26,alert_451,node_W,12,service_C,Description of event,condition_3,6296
2223,2023-08-24 07:33:26,alert_845,node_W,68,service_A,Description of event,condition_2,7962
3617,2023-08-01 07:33:26,alert_223,node_G,87,service_B,Description of event,condition_4,1371
6326,2023-08-17 07:33:26,alert_723,node_V,20,service_C,Description of event,condition_3,6250
9753,2023-08-01 07:33:26,alert_448,node_Q,29,service_B,Description of event,condition_4,6485
6815,2023-08-14 07:33:26,alert_218,node_K,82,service_F,Description of event,condition_3,2283
5595,2023-08-03 07:33:26,alert_247,node_Y,83,service_A,Description of event,condition_1,3550
4043,2023-08-07 07:33:26,alert_791,node_U,17,service_D,Description of event,condition_1,5622
2039,2023-08-12 07:33:26,alert_147,node_M,21,service_B,Description of event,condition_2,4933
9773,2023-08-06 07:33:26,alert_943,node_Y,79,service_B,Description of event,condition_1,6926
3199,2023-08-07 07:33:26,alert_705,node_Z,34,service_B,Description of event,condition_1,1175
7024,2023-08-26 07:33:26,alert_151,node_B,85,service_F,Description of event,condition_4,9287
2905,2023-08-11 07:33:26,alert_765,node_Z,94,service_A,Description of event,condition_3,5894
4329,2023-08-04 07:33:26,alert_792,node_L,31,service_F,Description of event,condition_5,1899
9755,2023-08-03 07:33:26,alert_102,node_F,44,service_E,Description of event,condition_3,7067
3730,2023-08-29 07:33:26,alert_794,node_N,14,service_A,Description of event,condition_2,9983
4252,2023-08-17 07:33:26,alert_770,node_V,55,service_F,Description of event,condition_4,7275
5334,2023-08-08 07:33:26,alert_160,node_F,57,service_E,Description of event,condition_1,6540
6923,2023-08-30 07:33:26,alert_489,node_L,85,service_B,Description of event,condition_4,2432
1486,2023-08-17 07:33:26,alert_406,node_F,41,service_A,Description of event,condition_3,4342
4896,2023-08-09 07:33:26,alert_435,node_W,43,service_C,Description of event,condition_1,4635
3762,2023-08-14 07:33:26,alert_860,node_H,31,service_A,Description of event,condition_3,4578
6638,2023-08-24 07:33:26,alert_185,node_C,45,service_D,Description of event,condition_2,7513
1164,2023-08-18 07:33:26,alert_123,node_I,87,service_C,Description of event,condition_3,7778
7477,2023-08-30 07:33:26,alert_218,node_Y,81,service_A,Description of event,condition_1,6811
1981,2023-08-24 07:33:26,alert_535,node_I,41,service_B,Description of event,condition_5,2232
1624,2023-08-25 07:33:26,alert_120,node_Q,63,service_F,Description of event,condition_4,1177
8646,2023-08-30 07:33:26,alert_921,node_S,65,service_D,Description of event,condition_2,8362
5515,2023-08-06 07:33:26,alert_975,node_Q,41,service_A,Description of event,condition_1,8248
1805,2023-08-26 07:33:26,alert_593,node_Z,17,service_C,Description of event,condition_4,6011
8468,2023-08-05 07:33:26,alert_601,node_C,23,service_D,Description of event,condition_5,6023
9897,2023-08-30 07:33:26,alert_741,node_R,58,service_F,Description of event,condition_3,6663
9807,2023-08-05 07:33:26,alert_624,node_W,89,service_E,Description of event,condition_3,9798
7766,2023-08-18 07:33:26,alert_938,node_I,18,service_E,Description of event,condition_2,9591
1848,2023-08-28 07:33:26,alert_628,node_C,29,service_A,Description of event,condition_3,6860
5754,2023-08-13 07:33:26,alert_576,node_H,12,service_D,Description of event,condition_2,9146
1875,2023-08-13 07:33:26,alert_120,node_T,85,service_F,Description of event,condition_1,1800
8309,2023-08-26 07:33:26,alert_483,node_H,96,service_F,Description of event,condition_5,3794
9185,2023-08-11 07:33:26,alert_656,node_J,20,service_C,Description of event,condition_4,1859
9344,2023-08-29 07:33:26,alert_210,node_W,45,service_E,Description of event,condition_5,9619
1315,2023-08-15 07:33:26,alert_658,node_C,27,service_E,Description of event,condition_4,3610
2693,2023-08-01 07:33:26,alert_123,node_O,41,service_B,Description of event,condition_1,5926
9340,2023-08-08 07:33:26,alert_401,node_H,73,service_C,Description of event,condition_2,9818
9655,2023-08-05 07:33:26,alert_601,node_F,90,service_C,Description of event,condition_5,6970
6949,2023-08-26 07:33:26,alert_854,node_L,15,service_D,Description of event,condition_2,3649
1364,2023-08-28 07:33:26,alert_886,node_W,78,service_C,Description of event,condition_1,1769
9146,2023-08-15 07:33:26,alert_672,node_Q,25,service_E,Description of event,condition_2,7144
1474,2023-08-02 07:33:26,alert_610,node_H,99,service_A,Description of event,condition_4,1175
5046,2023-08-11 07:33:26,alert_245,node_Q,34,service_C,Description of event,condition_2,8712
7519,2023-08-29 07:33:26,alert_351,node_N,61,service_F,Description of event,condition_3,7417
4534,2023-08-11 07:33:26,alert_385,node_Y,28,service_E,Description of event,condition_2,3687
9506,2023-08-04 07:33:26,alert_904,node_Q,72,service_F,Description of event,condition_2,9335
2626,2023-08-03 07:33:26,alert_117,node_D,75,service_A,Description of event,condition_2,9607
7790,2023-08-20 07:33:26,alert_845,node_Q,16,service_B,Description of event,condition_5,1618
5107,2023-08-01 07:33:26,alert_841,node_V,30,service_D,Description of event,condition_1,8500
1560,2023-08-27 07:33:26,alert_258,node_R,11,service_A,Description of event,condition_3,4555
7896,2023-08-09 07:33:26,alert_212,node_M,57,service_F,Description of event,condition_5,8347
5626,2023-08-19 07:33:26,alert_891,node_Y,46,service_D,Description of event,condition_3,8920
2969,2023-08-02 07:33:26,alert_468,node_J,96,service_F,Description of event,condition_2,5063
1154,2023-08-15 07:33:26,alert_445,node_G,35,service_F,Description of event,condition_5,9777
4706,2023-08-08 07:33:26,alert_500,node_Y,90,service_E,Description of event,condition_2,7059
2619,2023-08-13 07:33:26,alert_129,node_L,48,service_D,Description of event,condition_5,4175
8590,2023-08-28 07:33:26,alert_534,node_W,72,service_B,Description of event,condition_5,8703
7663,2023-08-08 07:33:26,alert_828,node_F,71,service_D,Description of event,condition_5,7858
3498,2023-08-02 07:33:26,alert_617,node_J,59,service_B,Description of event,condition_3,8328
8722,2023-08-15 07:33:26,alert_722,node_A,68,service_A,Description of event,condition_2,8729
7353,2023-08-23 07:33:26,alert_326,node_J,60,service_B,Description of event,condition_4,6826
4777,2023-08-09 07:33:26,alert_923,node_I,89,service_B,Description of event,condition_1,5938
5778,2023-08-06 07:33:26,alert_880,node_T,90,service_B,Description of event,condition_4,6775
5615,2023-08-15 07:33:26,alert_652,node_B,33,service_B,Description of event,condition_2,9677
2655,2023-08-21 07:33:26,alert_375,node_U,34,service_C,Description of event,condition_2,6272
3421,2023-08-19 07:33:26,alert_943,node_T,44,service_C,Description of event,condition_4,4416
7830,2023-08-29 07:33:26,alert_427,node_J,97,service_C,Description of event,condition_4,6113
3463,2023-08-16 07:33:26,alert_367,node_E,32,service_B,Description of event,condition_4,2858
3263,2023-08-21 07:33:26,alert_181,node_D,91,service_D,Description of event,condition_5,3808
3529,2023-08-15 07:33:26,alert_524,node_E,19,service_D,Description of event,condition_1,9083
8771,2023-08-15 07:33:26,alert_822,node_V,95,service_F,Description of event,condition_3,9040
9351,2023-08-05 07:33:26,alert_348,node_M,54,service_A,Description of event,condition_5,3908
2443,2023-08-02 07:33:26,alert_681,node_U,54,service_E,Description of event,condition_4,4088
9795,2023-08-09 07:33:26,alert_648,node_A,91,service_D,Description of event,condition_5,8520
1077,2023-08-13 07:33:26,alert_797,node_K,62,service_D,Description of event,condition_3,5238
8217,2023-08-05 07:33:26,alert_737,node_I,36,service_A,Description of event,condition_1,1310
4977,2023-08-11 07:33:26,alert_313,node_Q,37,service_D,Description of event,condition_5,1605
6163,2023-08-21 07:33:26,alert_304,node_R,86,service_B,Description of event,condition_3,5713
4764,2023-08-16 07:33:26,alert_545,node_A,82,service_E,Description of event,condition_4,4241
7886,2023-08-10 07:33:26,alert_109,node_E,80,service_D,Description of event,condition_1,3103
7726,2023-08-04 07:33:26,alert_253,node_R,11,service_E,Description of event,condition_3,8958
3039,2023-08-12 07:33:26,alert_104,node_C,67,service_B,Description of event,condition_1,9780
1111,2023-08-14 07:33:26,alert_652,node_Y,83,service_A,Description of event,condition_1,4033
6616,2023-08-23 07:33:26,alert_174,node_L,67,service_A,Description of event,condition_4,4641
5778,2023-08-24 07:33:26,alert_315,node_B,11,service_E,Description of event,condition_4,5709
1734,2023-08-16 07:33:26,alert_778,node_B,54,service_C,Description of event,condition_1,5381
7524,2023-08-19 07:33:26,alert_435,node_U,64,service_E,Description of event,condition_1,6629
5054,2023-08-04 07:33:26,alert_684,node_F,67,service_D,Description of event,condition_3,3575
1616,2023-08-23 07:33:26,alert_456,node_V,57,service_A,Description of event,condition_2,2426
2292,2023-08-25 07:33:26,alert_423,node_W,95,service_F,Description of event,condition_5,5245
3146,2023-08-04 07:33:26,alert_332,node_R,40,service_B,Description of event,condition_4,4636
3490,2023-08-12 07:33:26,alert_791,node_Y,49,service_C,Description of event,condition_2,9718
4546,2023-08-22 07:33:26,alert_658,node_K,79,service_B,Description of event,condition_4,4316
8313,2023-08-18 07:33:26,alert_700,node_P,96,service_A,Description of event,condition_4,8121
6301,2023-08-27 07:33:26,alert_134,node_D,74,service_B,Description of event,condition_4,8992
7612,2023-08-28 07:33:26,alert_313,node_S,83,service_D,Description of event,condition_4,6983
9279,2023-08-15 07:33:26,alert_696,node_W,92,service_B,Description of event,condition_2,7794
2048,2023-08-04 07:33:26,alert_153,node_I,82,service_D,Description of event,condition_5,7357
1168,2023-08-26 07:33:26,alert_608,node_G,25,service_E,Description of event,condition_2,9389
7121,2023-08-03 07:33:26,alert_506,node_I,75,service_E,Description of event,condition_4,5835
9289,2023-08-28 07:33:26,alert_125,node_B,94,service_C,Description of event,condition_3,6952
3032,2023-08-07 07:33:26,alert_371,node_J,27,service_A,Description of event,condition_4,6875
5648,2023-08-16 07:33:26,alert_240,node_U,98,service_B,Description of event,condition_4,7596
1586,2023-08-05 07:33:26,alert_945,node_C,39,service_C,Description of event,condition_3,5600
5222,2023-08-13 07:33:26,alert_456,node_N,81,service_A,Description of event,condition_1,8126
5914,2023-08-04 07:33:26,alert_407,node_Q,45,service_E,Description of event,condition_1,1649
2255,2023-08-25 07:33:26,alert_833,node_J,58,service_B,Description of event,condition_4,6986
7886,2023-08-19 07:33:26,alert_133,node_C,80,service_A,Description of event,condition_1,3253
5824,2023-08-26 07:33:26,alert_357,node_Y,48,service_D,Description of event,condition_2,3330
5229,2023-08-27 07:33:26,alert_465,node_O,87,service_F,Description of event,condition_1,6800
5301,2023-08-21 07:33:26,alert_410,node_Q,93,service_B,Description of event,condition_4,9250
1479,2023-08-03 07:33:26,alert_224,node_G,10,service_B,Description of event,condition_5,1728
5475,2023-08-25 07:33:26,alert_638,node_A,45,service_C,Description of event,condition_3,4173
2768,2023-08-13 07:33:26,alert_493,node_U,47,service_C,Description of event,condition_4,6979
9971,2023-08-17 07:33:26,alert_148,node_E,39,service_E,Description of event,condition_2,1347
8452,2023-08-27 07:33:26,alert_158,node_V,35,service_F,Description of event,condition_3,9579
1380,2023-08-17 07:33:26,alert_207,node_S,66,service_A,Description of event,condition_5,8862
6781,2023-08-24 07:33:26,alert_911,node_N,80,service_C,Description of event,condition_3,3439
5686,2023-08-19 07:33:26,alert_128,node_L,11,service_F,Description of event,condition_3,5756
4970,2023-08-25 07:33:26,alert_231,node_I,59,service_B,Description of event,condition_1,1320
6039,2023-08-04 07:33:26,alert_819,node_O,48,service_A,Description of event,condition_3,4390
8857,2023-08-17 07:33:26,alert_453,node_R,91,service_F,Description of event,condition_2,1259
1901,2023-08-01 07:33:26,alert_553,node_I,36,service_A,Description of event,condition_3,7658
6423,2023-08-12 07:33:26,alert_112,node_F,67,service_F,Description of event,condition_2,5077
7225,2023-08-22 07:33:26,alert_721,node_I,55,service_F,Description of event,condition_5,2784
2376,2023-08-14 07:33:26,alert_221,node_I,82,service_E,Description of event,condition_4,6041
1452,2023-08-19 07:33:26,alert_566,node_Z,74,service_C,Description of event,condition_2,2648
2330,2023-08-29 07:33:26,alert_800,node_U,77,service_D,Description of event,condition_4,7139
5195,2023-08-06 07:33:26,alert_358,node_A,21,service_F,Description of event,condition_2,5435
9971,2023-08-13 07:33:26,alert_592,node_W,15,service_E,Description of event,condition_5,2757
7730,2023-08-26 07:33:26,alert_785,node_Y,40,service_A,Description of event,condition_4,6020
2058,2023-08-09 07:33:26,alert_190,node_H,66,service_E,Description of event,condition_2,4813
4745,2023-08-24 07:33:26,alert_248,node_H,24,service_D,Description of event,condition_1,7468
4732,2023-08-26 07:33:26,alert_613,node_D,15,service_F,Description of event,condition_5,3661
9512,2023-08-25 07:33:26,alert_559,node_A,55,service_D,Description of event,condition_2,9775
2320,2023-08-18 07:33:26,alert_913,node_O,17,service_E,Description of event,condition_2,6279
8741,2023-08-27 07:33:26,alert_181,node_O,27,service_E,Description of event,condition_2,9637
5556,2023-08-03 07:33:26,alert_423,node_Z,63,service_C,Description of event,condition_5,5963
1095,2023-08-07 07:33:26,alert_543,node_C,86,service_B,Description of event,condition_2,8994
4642,2023-08-06 07:33:26,alert_522,node_H,39,service_F,Description of event,condition_4,5550
7036,2023-08-06 07:33:26,alert_510,node_W,41,service_D,Description of event,condition_5,9631
1053,2023-08-08 07:33:26,alert_300,node_O,63,service_E,Description of event,condition_4,1057
8951,2023-08-29 07:33:26,alert_273,node_Q,10,service_E,Description of event,condition_4,1132
7007,2023-08-19 07:33:26,alert_638,node_N,51,service_E,Description of event,condition_5,4609
6539,2023-08-10 07:33:26,alert_148,node_D,55,service_A,Description of event,condition_5,5126
3788,2023-08-27 07:33:26,alert_319,node_T,60,service_E,Description of event,condition_4,7223
7553,2023-08-26 07:33:26,alert_317,node_M,35,service_C,Description of event,condition_3,2878
2954,2023-08-30 07:33:26,alert_707,node_L,86,service_A,Description of event,condition_5,5953
1540,2023-08-28 07:33:26,alert_362,node_Q,13,service_D,Description of event,condition_1,9275
1833,2023-08-21 07:33:26,alert_229,node_G,97,service_B,Description of event,condition_4,5737
9425,2023-08-25 07:33:26,alert_205,node_O,24,service_D,Description of event,condition_4,7183
9894,2023-08-09 07:33:26,alert_656,node_Z,82,service_C,Description of event,condition_3,8362
7866,2023-08-01 07:33:26,alert_568,node_T,50,service_A,Description of event,condition_4,6289
8383,2023-08-06 07:33:26,alert_626,node_C,11,service_F,Description of event,condition_4,4395
3324,2023-08-07 07:33:26,alert_543,node_Y,13,service_C,Description of event,condition_5,5155
4849,2023-08-05 07:33:26,alert_839,node_X,66,service_D,Description of event,condition_4,8333
1900,2023-08-11 07:33:26,alert_322,node_P,81,service_E,Description of event,condition_4,6295
7260,2023-08-16 07:33:26,alert_302,node_F,12,service_B,Description of event,condition_5,2762
1699,2023-08-12 07:33:26,alert_660,node_D,98,service_B,Description of event,condition_1,1864
4596,2023-08-04 07:33:26,alert_417,node_M,22,service_B,Description of event,condition_1,9529
9827,2023-08-11 07:33:26,alert_893,node_B,22,service_A,Description of event,condition_4,3565
2257,2023-08-13 07:33:26,alert_702,node_M,96,service_C,Description of event,condition_4,1547
5839,2023-08-02 07:33:26,alert_636,node_E,15,service_C,Description of event,condition_2,7946
8360,2023-08-18 07:33:26,alert_702,node_L,63,service_D,Description of event,condition_1,6960
4294,2023-08-30 07:33:26,alert_705,node_Q,81,service_C,Description of event,condition_4,9120
6920,2023-08-04 07:33:26,alert_195,node_W,45,service_E,Description of event,condition_1,7324
7684,2023-08-19 07:33:26,alert_442,node_B,50,service_B,Description of event,condition_3,9472
6306,2023-08-23 07:33:26,alert_753,node_A,100,service_D,Description of event,condition_3,2520
3156,2023-08-27 07:33:26,alert_831,node_Y,66,service_A,Description of event,condition_3,6860
9877,2023-08-09 07:33:26,alert_219,node_O,22,service_A,Description of event,condition_4,7415
3035,2023-08-18 07:33:26,alert_686,node_A,22,service_A,Description of event,condition_2,4134
3869,2023-08-28 07:33:26,alert_500,node_P,26,service_E,Description of event,condition_1,6705
8400,2023-08-21 07:33:26,alert_806,node_C,39,service_B,Description of event,condition_4,2116
5659,2023-08-15 07:33:26,alert_880,node_N,74,service_F,Description of event,condition_3,8886
7887,2023-08-23 07:33:26,alert_943,node_S,76,service_D,Description of event,condition_3,4939
5360,2023-08-25 07:33:26,alert_582,node_P,27,service_F,Description of event,condition_2,3552
4004,2023-08-13 07:33:26,alert_435,node_T,69,service_B,Description of event,condition_4,6613
1102,2023-08-29 07:33:26,alert_887,node_H,48,service_D,Description of event,condition_3,9592
6961,2023-08-13 07:33:26,alert_144,node_U,80,service_D,Description of event,condition_4,3048
8855,2023-08-24 07:33:26,alert_899,node_I,17,service_A,Description of event,condition_1,8267
6125,2023-08-07 07:33:26,alert_709,node_D,57,service_D,Description of event,condition_5,5724
2259,2023-08-12 07:33:26,alert_683,node_Y,11,service_A,Description of event,condition_2,4802
5263,2023-08-26 07:33:26,alert_634,node_O,100,service_E,Description of event,condition_4,7353
7696,2023-08-24 07:33:26,alert_256,node_O,37,service_D,Description of event,condition_2,6897
5933,2023-08-29 07:33:26,alert_325,node_M,43,service_B,Description of event,condition_5,7627
2972,2023-08-02 07:33:26,alert_214,node_Y,14,service_E,Description of event,condition_5,9132
6120,2023-08-18 07:33:26,alert_964,node_F,38,service_D,Description of event,condition_4,8011
7839,2023-08-05 07:33:26,alert_832,node_C,88,service_E,Description of event,condition_1,8468
1003,2023-08-18 07:33:26,alert_809,node_E,87,service_D,Description of event,condition_3,5478
1364,2023-08-13 07:33:26,alert_648,node_F,10,service_D,Description of event,condition_4,1096
7440,2023-08-11 07:33:26,alert_860,node_J,42,service_D,Description of event,condition_2,4936
5995,2023-08-24 07:33:26,alert_863,node_R,45,service_F,Description of event,condition_1,4230
8462,2023-08-09 07:33:26,alert_165,node_P,35,service_C,Description of event,condition_3,3821
